date,hour,datetime,bathroom1_L,laundry_L,bathroom2_L,kitchen_L,garden_L,total_L,is_anomaly,anomaly_sensor,severity
2026-01-01,0,2026-01-01 00:00,0.42,0.24,0.28,0.21,0.0,1.15,0,none,normal
2026-01-01,1,2026-01-01 01:00,0.42,0.31,0.26,0.22,0.0,1.21,0,none,normal
2026-01-01,2,2026-01-01 02:00,0.37,0.28,0.26,0.2,0.0,1.11,0,none,normal
2026-01-01,3,2026-01-01 03:00,0.41,0.25,0.31,0.25,0.0,1.22,0,none,normal
2026-01-01,4,2026-01-01 04:00,0.44,0.29,0.29,0.2,0.0,1.22,0,none,normal
2026-01-01,5,2026-01-01 05:00,0.38,0.24,0.26,0.25,0.0,1.13,0,none,normal
2026-01-01,6,2026-01-01 06:00,19.22,12.93,13.34,2.57,7.23,55.29,0,none,normal
2026-01-01,7,2026-01-01 07:00,17.87,13.3,13.67,8.98,7.67,61.49,0,none,normal
2026-01-01,8,2026-01-01 08:00,18.68,10.45,12.12,7.59,0.0,48.84,0,none,normal
2026-01-01,9,2026-01-01 09:00,2.94,1.94,2.24,2.34,0.0,9.46,0,none,normal
2026-01-01,10,2026-01-01 10:00,3.08,2.01,2.23,2.54,0.0,9.86,0,none,normal
2026-01-01,11,2026-01-01 11:00,3.3,1.98,2.56,2.02,0.0,9.86,0,none,normal
2026-01-01,12,2026-01-01 12:00,3.67,2.29,2.44,7.12,0.0,15.52,0,none,normal
2026-01-01,13,2026-01-01 13:00,3.46,2.02,2.06,6.38,0.0,13.92,0,none,normal
2026-01-01,14,2026-01-01 14:00,2.92,2.49,2.67,2.12,0.0,10.2,0,none,normal
2026-01-01,15,2026-01-01 15:00,3.1,2.47,2.37,2.09,0.0,10.03,0,none,normal
2026-01-01,16,2026-01-01 16:00,3.26,2.04,2.46,2.52,0.0,10.28,0,none,normal
2026-01-01,17,2026-01-01 17:00,2.93,2.53,2.41,1.97,0.0,9.84,0,none,normal
2026-01-01,18,2026-01-01 18:00,2.83,2.28,2.61,7.47,5.21,20.4,0,none,normal
2026-01-01,19,2026-01-01 19:00,13.89,11.37,10.89,8.73,6.65,51.53,0,none,normal
2026-01-01,20,2026-01-01 20:00,12.29,10.56,11.39,7.73,0.0,41.97,0,none,normal
2026-01-01,21,2026-01-01 21:00,15.01,8.75,10.59,2.22,0.0,36.57,0,none,normal
2026-01-01,22,2026-01-01 22:00,3.56,2.04,2.4,2.03,0.0,10.03,0,none,normal
2026-01-01,23,2026-01-01 23:00,3.56,2.07,2.5,2.32,0.0,10.45,0,none,normal
2026-01-02,0,2026-01-02 00:00,0.43,0.28,0.33,0.23,0.0,1.27,0,none,normal
2026-01-02,1,2026-01-02 01:00,0.38,0.24,0.34,0.25,0.0,1.21,0,none,normal
2026-01-02,2,2026-01-02 02:00,0.38,0.24,0.33,0.26,0.0,1.21,0,none,normal
2026-01-02,3,2026-01-02 03:00,0.4,0.24,0.32,0.24,0.0,1.2,0,none,normal
2026-01-02,4,2026-01-02 04:00,0.4,0.28,0.28,0.25,0.0,1.21,0,none,normal
2026-01-02,5,2026-01-02 05:00,0.37,0.28,0.32,0.2,0.0,1.17,0,none,normal
2026-01-02,6,2026-01-02 06:00,20.21,12.64,12.95,2.26,6.65,54.71,0,none,normal
2026-01-02,7,2026-01-02 07:00,16.15,11.51,13.55,7.44,6.87,55.52,0,none,normal
2026-01-02,8,2026-01-02 08:00,15.33,12.58,12.13,9.09,0.0,49.13,0,none,normal
2026-01-02,9,2026-01-02 09:00,2.79,2.03,2.52,2.06,0.0,9.4,0,none,normal
2026-01-02,10,2026-01-02 10:00,3.62,2.25,2.38,2.44,0.0,10.69,0,none,normal
2026-01-02,11,2026-01-02 11:00,2.9,1.93,2.35,2.2,0.0,9.38,0,none,normal
2026-01-02,12,2026-01-02 12:00,3.42,2.31,2.75,5.94,0.0,14.42,0,none,normal
2026-01-02,13,2026-01-02 13:00,3.05,2.44,2.22,6.12,0.0,13.83,0,none,normal
2026-01-02,14,2026-01-02 14:00,3.13,2.05,2.22,2.54,0.0,9.94,0,none,normal
2026-01-02,15,2026-01-02 15:00,3.55,2.23,2.08,2.59,0.0,10.45,0,none,normal
2026-01-02,16,2026-01-02 16:00,3.65,2.48,2.65,2.02,0.0,10.8,0,none,normal
2026-01-02,17,2026-01-02 17:00,2.93,2.13,2.08,2.17,0.0,9.31,0,none,normal
2026-01-02,18,2026-01-02 18:00,2.97,2.39,2.37,7.47,6.82,22.02,0,none,normal
2026-01-02,19,2026-01-02 19:00,16.54,10.07,11.51,6.86,5.63,50.61,0,none,normal
2026-01-02,20,2026-01-02 20:00,16.42,10.14,10.94,8.22,0.0,45.72,0,none,normal
2026-01-02,21,2026-01-02 21:00,14.76,9.91,11.94,2.02,0.0,38.63,0,none,normal
2026-01-02,22,2026-01-02 22:00,2.8,1.99,2.47,2.37,0.0,9.63,0,none,normal
2026-01-02,23,2026-01-02 23:00,2.84,2.46,2.22,2.31,0.0,9.83,0,none,normal
2026-01-03,0,2026-01-03 00:00,0.47,0.34,0.36,0.31,0.0,1.48,0,none,normal
2026-01-03,1,2026-01-03 01:00,0.51,0.3,0.35,0.28,0.0,1.44,0,none,normal
2026-01-03,2,2026-01-03 02:00,0.45,0.35,0.31,0.27,0.0,1.38,0,none,normal
2026-01-03,3,2026-01-03 03:00,0.55,0.29,0.33,0.25,0.0,1.42,0,none,normal
2026-01-03,4,2026-01-03 04:00,0.53,0.37,0.35,0.24,0.0,1.49,0,none,normal
2026-01-03,5,2026-01-03 05:00,0.51,0.34,0.41,0.28,0.0,1.54,0,none,normal
2026-01-03,6,2026-01-03 06:00,23.13,13.65,16.62,3.06,8.01,64.47,0,none,normal
2026-01-03,7,2026-01-03 07:00,18.68,12.81,16.09,9.06,9.28,65.92,0,none,normal
2026-01-03,8,2026-01-03 08:00,22.5,13.23,16.48,9.03,0.0,61.24,0,none,normal
2026-01-03,9,2026-01-03 09:00,4.31,2.91,2.53,2.64,0.0,12.39,0,none,normal
2026-01-03,10,2026-01-03 10:00,3.27,2.85,3.0,2.51,0.0,11.63,0,none,normal
2026-01-03,11,2026-01-03 11:00,3.9,2.58,2.46,2.36,0.0,11.3,0,none,normal
2026-01-03,12,2026-01-03 12:00,4.31,2.68,3.17,8.3,0.0,18.46,0,none,normal
2026-01-03,13,2026-01-03 13:00,3.41,2.49,3.22,8.82,0.0,17.94,0,none,normal
2026-01-03,14,2026-01-03 14:00,4.3,2.41,2.66,2.38,0.0,11.75,0,none,normal
2026-01-03,15,2026-01-03 15:00,4.28,2.57,2.98,2.42,0.0,12.25,0,none,normal
2026-01-03,16,2026-01-03 16:00,4.26,3.02,3.15,3.01,0.0,13.44,0,none,normal
2026-01-03,17,2026-01-03 17:00,4.11,2.51,3.25,2.94,0.0,12.81,0,none,normal
2026-01-03,18,2026-01-03 18:00,4.2,2.46,3.13,8.1,8.0,25.89,0,none,normal
2026-01-03,19,2026-01-03 19:00,19.14,10.89,14.19,9.07,6.78,60.07,0,none,normal
2026-01-03,20,2026-01-03 20:00,18.81,10.91,11.11,8.33,0.0,49.16,0,none,normal
2026-01-03,21,2026-01-03 21:00,19.17,13.54,12.1,2.81,0.0,47.62,0,none,normal
2026-01-03,22,2026-01-03 22:00,4.39,2.67,3.26,2.39,0.0,12.71,0,none,normal
2026-01-03,23,2026-01-03 23:00,3.47,3.01,2.68,2.38,0.0,11.54,0,none,normal
2026-01-04,0,2026-01-04 00:00,0.51,0.31,0.37,0.27,0.0,1.46,0,none,normal
2026-01-04,1,2026-01-04 01:00,0.49,0.31,0.38,0.23,0.0,1.41,0,none,normal
2026-01-04,2,2026-01-04 02:00,0.49,0.35,0.39,0.28,0.0,1.51,0,none,normal
2026-01-04,3,2026-01-04 03:00,0.42,0.35,0.34,0.25,0.0,1.36,0,none,normal
2026-01-04,4,2026-01-04 04:00,0.51,0.31,0.34,0.26,0.0,1.42,0,none,normal
2026-01-04,5,2026-01-04 05:00,0.45,0.29,0.35,0.31,0.0,1.4,0,none,normal
2026-01-04,6,2026-01-04 06:00,23.67,15.02,14.89,2.74,7.65,63.97,0,none,normal
2026-01-04,7,2026-01-04 07:00,19.77,14.21,16.22,10.17,8.91,69.28,0,none,normal
2026-01-04,8,2026-01-04 08:00,20.75,13.27,15.71,10.89,0.0,60.62,0,none,normal
2026-01-04,9,2026-01-04 09:00,3.46,2.31,2.89,2.81,0.0,11.47,0,none,normal
2026-01-04,10,2026-01-04 10:00,4.21,2.84,3.03,2.48,0.0,12.56,0,none,normal
2026-01-04,11,2026-01-04 11:00,3.29,2.44,2.86,2.98,0.0,11.57,0,none,normal
2026-01-04,12,2026-01-04 12:00,3.74,2.74,2.62,8.58,0.0,17.68,0,none,normal
2026-01-04,13,2026-01-04 13:00,3.55,2.76,2.45,8.71,0.0,17.47,0,none,normal
2026-01-04,14,2026-01-04 14:00,3.39,2.58,2.6,3.07,0.0,11.64,0,none,normal
2026-01-04,15,2026-01-04 15:00,3.32,2.44,3.18,2.66,0.0,11.6,0,none,normal
2026-01-04,16,2026-01-04 16:00,4.03,3.03,2.96,3.06,0.0,13.08,0,none,normal
2026-01-04,17,2026-01-04 17:00,3.97,2.81,2.88,2.97,0.0,12.63,0,none,normal
2026-01-04,18,2026-01-04 18:00,4.3,2.83,2.86,8.52,6.65,25.16,0,none,normal
2026-01-04,19,2026-01-04 19:00,17.99,12.83,13.04,9.53,6.71,60.1,0,none,normal
2026-01-04,20,2026-01-04 20:00,15.09,11.12,12.07,8.68,0.0,46.96,0,none,normal
2026-01-04,21,2026-01-04 21:00,15.41,10.92,13.71,2.87,0.0,42.91,0,none,normal
2026-01-04,22,2026-01-04 22:00,3.73,2.67,2.81,2.46,0.0,11.67,0,none,normal
2026-01-04,23,2026-01-04 23:00,4.31,2.71,3.05,2.99,0.0,13.06,0,none,normal
2026-01-05,0,2026-01-05 00:00,0.39,0.23,0.29,0.24,0.0,1.15,0,none,normal
2026-01-05,1,2026-01-05 01:00,0.45,0.27,0.32,0.23,0.0,1.27,0,none,normal
2026-01-05,2,2026-01-05 02:00,0.37,0.25,0.29,0.19,0.0,1.1,0,none,normal
2026-01-05,3,2026-01-05 03:00,0.42,0.27,0.27,0.22,0.0,1.18,0,none,normal
2026-01-05,4,2026-01-05 04:00,0.41,0.24,0.29,0.23,0.0,1.17,0,none,normal
2026-01-05,5,2026-01-05 05:00,0.42,0.24,0.3,0.19,0.0,1.15,0,none,normal
2026-01-05,6,2026-01-05 06:00,16.08,11.47,14.23,2.17,8.07,52.02,0,none,normal
2026-01-05,7,2026-01-05 07:00,19.35,11.2,11.54,6.93,7.59,56.61,0,none,normal
2026-01-05,8,2026-01-05 08:00,20.24,11.56,13.79,8.78,0.0,54.37,0,none,normal
2026-01-05,9,2026-01-05 09:00,3.44,2.5,2.18,1.93,0.0,10.05,0,none,normal
2026-01-05,10,2026-01-05 10:00,2.84,2.31,2.45,2.06,0.0,9.66,0,none,normal
2026-01-05,11,2026-01-05 11:00,3.46,1.98,2.48,2.42,0.0,10.34,0,none,normal
2026-01-05,12,2026-01-05 12:00,3.51,2.51,2.12,5.79,0.0,13.93,0,none,normal
2026-01-05,13,2026-01-05 13:00,3.37,2.5,2.33,7.19,0.0,15.39,0,none,normal
2026-01-05,14,2026-01-05 14:00,3.38,2.28,2.11,2.43,0.0,10.2,0,none,normal
2026-01-05,15,2026-01-05 15:00,3.3,1.95,2.75,2.44,0.0,10.44,0,none,normal
2026-01-05,16,2026-01-05 16:00,3.13,2.11,2.4,2.14,0.0,9.78,0,none,normal
2026-01-05,17,2026-01-05 17:00,3.51,1.94,2.73,2.34,0.0,10.52,0,none,normal
2026-01-05,18,2026-01-05 18:00,3.4,2.16,2.57,8.72,5.59,22.44,0,none,normal
2026-01-05,19,2026-01-05 19:00,15.73,10.01,10.75,7.5,6.42,50.41,0,none,normal
2026-01-05,20,2026-01-05 20:00,13.4,10.94,11.87,6.7,0.0,42.91,0,none,normal
2026-01-05,21,2026-01-05 21:00,13.29,9.8,11.16,2.17,0.0,36.42,0,none,normal
2026-01-05,22,2026-01-05 22:00,3.54,1.99,2.19,2.45,0.0,10.17,0,none,normal
2026-01-05,23,2026-01-05 23:00,3.57,2.33,2.24,1.92,0.0,10.06,0,none,normal
2026-01-06,0,2026-01-06 00:00,0.35,0.29,0.3,0.24,0.0,1.18,0,none,normal
2026-01-06,1,2026-01-06 01:00,0.42,0.27,0.33,0.2,0.0,1.22,0,none,normal
2026-01-06,2,2026-01-06 02:00,0.42,0.26,0.31,0.22,0.0,1.21,0,none,normal
2026-01-06,3,2026-01-06 03:00,0.39,0.3,0.28,0.24,0.0,1.21,0,none,normal
2026-01-06,4,2026-01-06 04:00,0.37,0.24,0.27,0.2,0.0,1.08,0,none,normal
2026-01-06,5,2026-01-06 05:00,0.43,0.25,0.27,0.22,0.0,1.17,0,none,normal
2026-01-06,6,2026-01-06 06:00,20.12,12.19,12.34,1.98,6.81,53.44,0,none,normal
2026-01-06,7,2026-01-06 07:00,16.16,10.94,11.28,8.18,6.99,53.55,0,none,normal
2026-01-06,8,2026-01-06 08:00,20.1,12.29,13.98,7.19,0.0,53.56,0,none,normal
2026-01-06,9,2026-01-06 09:00,3.19,2.45,2.45,2.23,0.0,10.32,0,none,normal
2026-01-06,10,2026-01-06 10:00,2.9,1.9,2.72,2.23,0.0,9.75,0,none,normal
2026-01-06,11,2026-01-06 11:00,3.1,1.92,2.49,1.95,0.0,9.46,0,none,normal
2026-01-06,12,2026-01-06 12:00,3.26,2.07,2.76,5.98,0.0,14.07,0,none,normal
2026-01-06,13,2026-01-06 13:00,3.3,2.39,2.2,6.8,0.0,14.69,0,none,normal
2026-01-06,14,2026-01-06 14:00,3.15,2.44,2.75,2.12,0.0,10.46,0,none,normal
2026-01-06,15,2026-01-06 15:00,3.31,2.36,2.72,2.05,0.0,10.44,0,none,normal
2026-01-06,16,2026-01-06 16:00,3.35,1.97,2.17,1.96,0.0,9.45,0,none,normal
2026-01-06,17,2026-01-06 17:00,3.15,2.26,2.25,2.07,0.0,9.73,0,none,normal
2026-01-06,18,2026-01-06 18:00,3.39,2.17,2.53,8.62,6.52,23.23,0,none,normal
2026-01-06,19,2026-01-06 19:00,14.94,10.38,12.21,7.48,6.08,51.09,0,none,normal
2026-01-06,20,2026-01-06 20:00,15.04,11.11,11.86,6.67,0.0,44.68,0,none,normal
2026-01-06,21,2026-01-06 21:00,13.57,10.64,11.02,2.11,0.0,37.34,0,none,normal
2026-01-06,22,2026-01-06 22:00,3.38,2.33,2.72,2.25,0.0,10.68,0,none,normal
2026-01-06,23,2026-01-06 23:00,2.8,1.9,2.35,2.13,0.0,9.18,0,none,normal
2026-01-07,0,2026-01-07 00:00,0.35,0.31,0.33,0.23,0.0,1.22,0,none,normal
2026-01-07,1,2026-01-07 01:00,0.46,0.29,0.28,0.19,0.0,1.22,0,none,normal
2026-01-07,2,2026-01-07 02:00,0.4,0.29,0.34,0.2,0.0,1.23,0,none,normal
2026-01-07,3,2026-01-07 03:00,0.42,0.27,0.26,0.21,0.0,1.16,0,none,normal
2026-01-07,4,2026-01-07 04:00,0.42,0.3,0.28,0.24,0.0,1.24,0,none,normal
2026-01-07,5,2026-01-07 05:00,0.45,0.3,0.3,0.22,0.0,1.27,0,none,normal
2026-01-07,6,2026-01-07 06:00,16.67,13.81,12.82,2.26,8.6,54.16,0,none,normal
2026-01-07,7,2026-01-07 07:00,18.43,12.25,12.86,7.34,7.19,58.07,0,none,normal
2026-01-07,8,2026-01-07 08:00,18.95,12.56,14.23,7.38,0.0,53.12,0,none,normal
2026-01-07,9,2026-01-07 09:00,3.61,2.16,2.54,1.99,0.0,10.3,0,none,normal
2026-01-07,10,2026-01-07 10:00,3.3,2.03,2.15,2.28,0.0,9.76,0,none,normal
2026-01-07,11,2026-01-07 11:00,2.81,2.52,2.7,2.22,0.0,10.25,0,none,normal
2026-01-07,12,2026-01-07 12:00,3.52,2.2,2.56,6.77,0.0,15.05,0,none,normal
2026-01-07,13,2026-01-07 13:00,3.52,2.52,2.22,6.85,0.0,15.11,0,none,normal
2026-01-07,14,2026-01-07 14:00,3.6,2.21,2.67,2.5,0.0,10.98,0,none,normal
2026-01-07,15,2026-01-07 15:00,3.48,2.14,2.71,2.26,0.0,10.59,0,none,normal
2026-01-07,16,2026-01-07 16:00,2.99,2.07,2.46,2.59,0.0,10.11,0,none,normal
2026-01-07,17,2026-01-07 17:00,2.86,2.23,2.29,2.29,0.0,9.67,0,none,normal
2026-01-07,18,2026-01-07 18:00,3.16,2.08,2.18,8.1,6.13,21.65,0,none,normal
2026-01-07,19,2026-01-07 19:00,13.25,10.72,9.32,8.21,6.37,47.87,0,none,normal
2026-01-07,20,2026-01-07 20:00,15.75,9.56,11.33,8.39,0.0,45.03,0,none,normal
2026-01-07,21,2026-01-07 21:00,14.38,8.52,10.81,2.31,0.0,36.02,0,none,normal
2026-01-07,22,2026-01-07 22:00,3.56,2.16,2.42,2.22,0.0,10.36,0,none,normal
2026-01-07,23,2026-01-07 23:00,3.11,2.3,2.15,2.23,0.0,9.79,0,none,normal
2026-01-08,0,2026-01-08 00:00,0.38,0.29,0.31,0.25,0.0,1.23,0,none,normal
2026-01-08,1,2026-01-08 01:00,0.44,0.27,0.28,0.24,0.0,1.23,0,none,normal
2026-01-08,2,2026-01-08 02:00,0.44,0.24,0.26,0.23,0.0,1.17,0,none,normal
2026-01-08,3,2026-01-08 03:00,0.46,0.3,0.29,0.2,0.0,1.25,0,none,normal
2026-01-08,4,2026-01-08 04:00,0.44,0.27,0.32,0.25,0.0,1.28,0,none,normal
2026-01-08,5,2026-01-08 05:00,0.44,0.26,0.29,0.2,0.0,1.19,0,none,normal
2026-01-08,6,2026-01-08 06:00,17.95,13.16,11.89,1.97,8.33,53.3,0,none,normal
2026-01-08,7,2026-01-08 07:00,18.23,11.16,14.83,7.23,7.41,58.86,0,none,normal
2026-01-08,8,2026-01-08 08:00,16.3,11.21,11.26,8.84,0.0,47.61,0,none,normal
2026-01-08,9,2026-01-08 09:00,3.37,1.97,2.36,2.15,0.0,9.85,0,none,normal
2026-01-08,10,2026-01-08 10:00,3.33,2.15,2.22,2.48,0.0,10.18,0,none,normal
2026-01-08,11,2026-01-08 11:00,3.09,2.19,2.21,2.3,0.0,9.79,0,none,normal
2026-01-08,12,2026-01-08 12:00,3.67,2.06,2.74,7.07,0.0,15.54,0,none,normal
2026-01-08,13,2026-01-08 13:00,3.26,2.32,2.58,5.84,0.0,14.0,0,none,normal
2026-01-08,14,2026-01-08 14:00,3.2,2.47,2.25,2.45,0.0,10.37,0,none,normal
2026-01-08,15,2026-01-08 15:00,3.06,2.29,2.49,2.37,0.0,10.21,0,none,normal
2026-01-08,16,2026-01-08 16:00,3.35,2.42,2.49,2.52,0.0,10.78,0,none,normal
2026-01-08,17,2026-01-08 17:00,3.02,2.16,2.46,2.41,0.0,10.05,0,none,normal
2026-01-08,18,2026-01-08 18:00,3.0,2.36,2.17,6.81,6.07,20.41,0,none,normal
2026-01-08,19,2026-01-08 19:00,16.44,9.99,12.14,8.41,5.56,52.54,0,none,normal
2026-01-08,20,2026-01-08 20:00,15.8,9.85,11.79,8.22,0.0,45.66,0,none,normal
2026-01-08,21,2026-01-08 21:00,12.74,11.27,9.64,2.56,0.0,36.21,0,none,normal
2026-01-08,22,2026-01-08 22:00,3.42,2.52,2.74,2.46,0.0,11.14,0,none,normal
2026-01-08,23,2026-01-08 23:00,3.48,1.88,2.43,2.22,0.0,10.01,0,none,normal
2026-01-09,0,2026-01-09 00:00,0.42,0.28,0.33,0.25,0.0,1.28,0,none,normal
2026-01-09,1,2026-01-09 01:00,0.37,0.24,0.33,0.23,0.0,1.17,0,none,normal
2026-01-09,2,2026-01-09 02:00,0.37,0.24,0.33,0.25,0.0,1.19,0,none,normal
2026-01-09,3,2026-01-09 03:00,0.39,0.25,0.34,0.21,0.0,1.19,0,none,normal
2026-01-09,4,2026-01-09 04:00,0.35,0.31,0.27,0.22,0.0,1.15,0,none,normal
2026-01-09,5,2026-01-09 05:00,0.43,0.31,0.29,0.24,0.0,1.27,0,none,normal
2026-01-09,6,2026-01-09 06:00,17.15,10.64,13.16,2.19,8.52,51.66,0,none,normal
2026-01-09,7,2026-01-09 07:00,15.13,11.63,12.98,9.19,8.3,57.23,0,none,normal
2026-01-09,8,2026-01-09 08:00,15.48,12.77,13.38,9.26,0.0,50.89,0,none,normal
2026-01-09,9,2026-01-09 09:00,3.1,2.0,2.13,2.48,0.0,9.71,0,none,normal
2026-01-09,10,2026-01-09 10:00,3.36,2.29,2.47,1.93,0.0,10.05,0,none,normal
2026-01-09,11,2026-01-09 11:00,2.95,1.95,2.45,1.96,0.0,9.31,0,none,normal
2026-01-09,12,2026-01-09 12:00,2.92,2.01,2.67,6.4,0.0,14.0,0,none,normal
2026-01-09,13,2026-01-09 13:00,3.58,1.87,2.66,6.03,0.0,14.14,0,none,normal
2026-01-09,14,2026-01-09 14:00,2.96,1.99,2.52,1.93,0.0,9.4,0,none,normal
2026-01-09,15,2026-01-09 15:00,3.48,2.03,2.27,2.03,0.0,9.81,0,none,normal
2026-01-09,16,2026-01-09 16:00,3.43,2.22,2.58,2.23,0.0,10.46,0,none,normal
2026-01-09,17,2026-01-09 17:00,3.21,1.94,2.4,2.55,0.0,10.1,0,none,normal
2026-01-09,18,2026-01-09 18:00,3.47,2.44,2.42,7.55,6.84,22.72,0,none,normal
2026-01-09,19,2026-01-09 19:00,12.5,9.84,10.48,8.08,5.98,46.88,0,none,normal
2026-01-09,20,2026-01-09 20:00,16.17,8.63,9.44,7.9,0.0,42.14,0,none,normal
2026-01-09,21,2026-01-09 21:00,13.43,10.3,10.96,2.13,0.0,36.82,0,none,normal
2026-01-09,22,2026-01-09 22:00,3.23,2.17,2.48,1.98,0.0,9.86,0,none,normal
2026-01-09,23,2026-01-09 23:00,3.54,2.3,2.59,2.4,0.0,10.83,0,none,normal
2026-01-10,0,2026-01-10 00:00,0.47,0.3,0.34,0.27,0.0,1.38,0,none,normal
2026-01-10,1,2026-01-10 01:00,0.42,0.32,0.38,0.26,0.0,1.38,0,none,normal
2026-01-10,2,2026-01-10 02:00,0.54,0.29,0.4,0.24,0.0,1.47,0,none,normal
2026-01-10,3,2026-01-10 03:00,0.51,0.36,0.37,0.28,0.0,1.52,0,none,normal
2026-01-10,4,2026-01-10 04:00,0.46,0.29,0.34,0.28,0.0,1.37,0,none,normal
2026-01-10,5,2026-01-10 05:00,0.53,0.35,0.41,0.28,0.0,1.57,0,none,normal
2026-01-10,6,2026-01-10 06:00,21.61,13.27,16.58,2.48,7.94,61.88,0,none,normal
2026-01-10,7,2026-01-10 07:00,23.31,13.94,17.09,9.94,9.83,74.11,0,none,normal
2026-01-10,8,2026-01-10 08:00,23.31,16.59,17.35,10.05,0.0,67.3,0,none,normal
2026-01-10,9,2026-01-10 09:00,3.29,2.98,3.16,2.51,0.0,11.94,0,none,normal
2026-01-10,10,2026-01-10 10:00,4.07,2.49,2.74,2.3,0.0,11.6,0,none,normal
2026-01-10,11,2026-01-10 11:00,3.92,2.56,2.57,2.81,0.0,11.86,0,none,normal
2026-01-10,12,2026-01-10 12:00,4.12,2.41,2.81,7.71,0.0,17.05,0,none,normal
2026-01-10,13,2026-01-10 13:00,4.1,2.86,2.94,7.09,0.0,16.99,0,none,normal
2026-01-10,14,2026-01-10 14:00,3.45,2.73,3.03,2.52,0.0,11.73,0,none,normal
2026-01-10,15,2026-01-10 15:00,3.82,2.59,2.68,2.91,0.0,12.0,0,none,normal
2026-01-10,16,2026-01-10 16:00,3.76,2.47,3.03,2.69,0.0,11.95,0,none,normal
2026-01-10,17,2026-01-10 17:00,3.32,2.56,2.97,2.3,0.0,11.15,0,none,normal
2026-01-10,18,2026-01-10 18:00,3.51,2.35,2.67,8.71,6.14,23.38,0,none,normal
2026-01-10,19,2026-01-10 19:00,18.56,10.72,12.49,9.74,7.2,58.71,0,none,normal
2026-01-10,20,2026-01-10 20:00,19.01,12.97,11.3,10.18,0.0,53.46,0,none,normal
2026-01-10,21,2026-01-10 21:00,14.79,13.38,14.37,2.76,0.0,45.3,0,none,normal
2026-01-10,22,2026-01-10 22:00,4.08,2.57,2.55,2.31,0.0,11.51,0,none,normal
2026-01-10,23,2026-01-10 23:00,4.19,2.73,3.17,3.04,0.0,13.13,0,none,normal
2026-01-11,0,2026-01-11 00:00,0.53,0.3,0.37,0.27,0.0,1.47,0,none,normal
2026-01-11,1,2026-01-11 01:00,0.45,0.31,0.34,0.24,0.0,1.34,0,none,normal
2026-01-11,2,2026-01-11 02:00,0.42,0.33,0.4,0.26,0.0,1.41,0,none,normal
2026-01-11,3,2026-01-11 03:00,0.53,0.36,0.33,0.24,0.0,1.46,0,none,normal
2026-01-11,4,2026-01-11 04:00,0.49,0.36,0.38,0.24,0.0,1.47,0,none,normal
2026-01-11,5,2026-01-11 05:00,0.48,0.36,0.39,0.27,0.0,1.5,0,none,normal
2026-01-11,6,2026-01-11 06:00,21.53,15.11,16.43,3.0,9.34,65.41,0,none,normal
2026-01-11,7,2026-01-11 07:00,18.91,12.64,15.57,9.15,8.39,64.66,0,none,normal
2026-01-11,8,2026-01-11 08:00,18.31,14.55,14.94,9.58,0.0,57.38,0,none,normal
2026-01-11,9,2026-01-11 09:00,4.22,2.3,3.19,2.99,0.0,12.7,0,none,normal
2026-01-11,10,2026-01-11 10:00,3.85,2.61,2.93,2.94,0.0,12.33,0,none,normal
2026-01-11,11,2026-01-11 11:00,3.78,2.89,3.01,2.56,0.0,12.24,0,none,normal
2026-01-11,12,2026-01-11 12:00,3.44,2.29,2.54,9.07,0.0,17.34,0,none,normal
2026-01-11,13,2026-01-11 13:00,4.09,2.64,2.6,7.49,0.0,16.82,0,none,normal
2026-01-11,14,2026-01-11 14:00,3.77,2.66,2.59,2.6,0.0,11.62,0,none,normal
2026-01-11,15,2026-01-11 15:00,3.73,2.51,2.96,2.93,0.0,12.13,0,none,normal
2026-01-11,16,2026-01-11 16:00,3.34,2.32,3.03,2.53,0.0,11.22,0,none,normal
2026-01-11,17,2026-01-11 17:00,4.02,2.96,3.2,2.57,0.0,12.75,0,none,normal
2026-01-11,18,2026-01-11 18:00,3.43,2.52,3.28,9.73,6.97,25.93,0,none,normal
2026-01-11,19,2026-01-11 19:00,17.77,13.44,12.22,8.84,7.83,60.1,0,none,normal
2026-01-11,20,2026-01-11 20:00,18.9,12.49,14.24,9.84,0.0,55.47,0,none,normal
2026-01-11,21,2026-01-11 21:00,17.42,12.4,12.66,2.59,0.0,45.07,0,none,normal
2026-01-11,22,2026-01-11 22:00,3.47,2.41,3.27,2.69,0.0,11.84,0,none,normal
2026-01-11,23,2026-01-11 23:00,3.42,2.31,3.18,2.38,0.0,11.29,0,none,normal
2026-01-12,0,2026-01-12 00:00,0.44,0.31,0.26,0.21,0.0,1.22,0,none,normal
2026-01-12,1,2026-01-12 01:00,0.36,0.26,0.27,0.25,0.0,1.14,0,none,normal
2026-01-12,2,2026-01-12 02:00,0.44,0.25,0.29,0.22,0.0,1.2,0,none,normal
2026-01-12,3,2026-01-12 03:00,0.37,0.27,0.28,0.24,0.0,1.16,0,none,normal
2026-01-12,4,2026-01-12 04:00,0.4,0.26,0.33,0.22,0.0,1.21,0,none,normal
2026-01-12,5,2026-01-12 05:00,0.38,0.31,0.34,0.22,0.0,1.25,0,none,normal
2026-01-12,6,2026-01-12 06:00,16.98,12.2,15.05,2.46,8.18,54.87,0,none,normal
2026-01-12,7,2026-01-12 07:00,15.69,11.19,13.76,9.01,7.62,57.27,0,none,normal
2026-01-12,8,2026-01-12 08:00,15.5,13.36,14.59,7.58,0.0,51.03,0,none,normal
2026-01-12,9,2026-01-12 09:00,2.98,2.47,2.15,2.21,0.0,9.81,0,none,normal
2026-01-12,10,2026-01-12 10:00,2.93,2.17,2.29,1.93,0.0,9.32,0,none,normal
2026-01-12,11,2026-01-12 11:00,3.2,2.03,2.76,2.17,0.0,10.16,0,none,normal
2026-01-12,12,2026-01-12 12:00,3.61,2.42,2.51,7.34,0.0,15.88,0,none,normal
2026-01-12,13,2026-01-12 13:00,3.0,2.42,2.54,6.02,0.0,13.98,0,none,normal
2026-01-12,14,2026-01-12 14:00,3.15,1.87,2.1,2.09,0.0,9.21,0,none,normal
2026-01-12,15,2026-01-12 15:00,3.25,2.35,2.42,1.99,0.0,10.01,0,none,normal
2026-01-12,16,2026-01-12 16:00,3.01,1.9,2.34,2.45,0.0,9.7,0,none,normal
2026-01-12,17,2026-01-12 17:00,2.83,2.47,2.47,1.92,0.0,9.69,0,none,normal
2026-01-12,18,2026-01-12 18:00,2.95,1.96,2.35,7.91,5.53,20.7,0,none,normal
2026-01-12,19,2026-01-12 19:00,14.04,10.39,9.46,8.74,5.22,47.85,0,none,normal
2026-01-12,20,2026-01-12 20:00,14.51,9.92,12.38,7.77,0.0,44.58,0,none,normal
2026-01-12,21,2026-01-12 21:00,14.27,10.3,12.36,2.08,0.0,39.01,0,none,normal
2026-01-12,22,2026-01-12 22:00,3.48,2.1,2.57,2.34,0.0,10.49,0,none,normal
2026-01-12,23,2026-01-12 23:00,3.43,2.09,2.07,2.28,0.0,9.87,0,none,normal
2026-01-13,0,2026-01-13 00:00,0.36,0.3,0.3,0.24,0.0,1.2,0,none,normal
2026-01-13,1,2026-01-13 01:00,0.44,0.24,0.32,0.22,0.0,1.22,0,none,normal
2026-01-13,2,2026-01-13 02:00,0.35,0.25,0.26,0.25,0.0,1.11,0,none,normal
2026-01-13,3,2026-01-13 03:00,0.46,0.28,0.28,0.24,0.0,1.26,0,none,normal
2026-01-13,4,2026-01-13 04:00,0.38,0.3,0.33,0.21,0.0,1.22,0,none,normal
2026-01-13,5,2026-01-13 05:00,0.38,0.31,0.32,0.25,0.0,1.26,0,none,normal
2026-01-13,6,2026-01-13 06:00,20.1,12.09,13.19,2.54,7.54,55.46,0,none,normal
2026-01-13,7,2026-01-13 07:00,19.19,12.92,11.53,8.35,8.23,60.22,0,none,normal
2026-01-13,8,2026-01-13 08:00,17.84,11.45,11.54,8.49,0.0,49.32,0,none,normal
2026-01-13,9,2026-01-13 09:00,3.3,2.15,2.54,2.15,0.0,10.14,0,none,normal
2026-01-13,10,2026-01-13 10:00,3.56,2.1,2.76,2.1,0.0,10.52,0,none,normal
2026-01-13,11,2026-01-13 11:00,3.63,1.92,2.5,2.16,0.0,10.21,0,none,normal
2026-01-13,12,2026-01-13 12:00,3.37,2.5,2.14,6.97,0.0,14.98,0,none,normal
2026-01-13,13,2026-01-13 13:00,2.75,1.91,2.6,6.48,0.0,13.74,0,none,normal
2026-01-13,14,2026-01-13 14:00,3.26,2.27,2.53,2.55,0.0,10.61,0,none,normal
2026-01-13,15,2026-01-13 15:00,3.45,2.25,2.42,2.18,0.0,10.3,0,none,normal
2026-01-13,16,2026-01-13 16:00,2.96,1.94,2.57,2.25,0.0,9.72,0,none,normal
2026-01-13,17,2026-01-13 17:00,3.26,2.04,2.23,2.21,0.0,9.74,0,none,normal
2026-01-13,18,2026-01-13 18:00,2.99,2.47,2.39,6.78,6.64,21.27,0,none,normal
2026-01-13,19,2026-01-13 19:00,14.19,11.08,10.62,6.7,6.33,48.92,0,none,normal
2026-01-13,20,2026-01-13 20:00,15.89,9.36,10.31,6.65,0.0,42.21,0,none,normal
2026-01-13,21,2026-01-13 21:00,16.09,10.94,11.49,2.54,0.0,41.06,0,none,normal
2026-01-13,22,2026-01-13 22:00,3.48,2.21,2.13,2.05,0.0,9.87,0,none,normal
2026-01-13,23,2026-01-13 23:00,3.48,1.89,2.44,2.16,0.0,9.97,0,none,normal
2026-01-14,0,2026-01-14 00:00,0.41,0.28,0.26,0.21,0.0,1.16,0,none,normal
2026-01-14,1,2026-01-14 01:00,0.43,0.28,0.32,0.25,0.0,1.28,0,none,normal
2026-01-14,2,2026-01-14 02:00,0.46,0.29,0.3,0.24,0.0,1.29,0,none,normal
2026-01-14,3,2026-01-14 03:00,85.45,0.3,0.31,0.2,0.0,86.26,1,bathroom1,HIGH
2026-01-14,4,2026-01-14 04:00,0.39,0.31,0.26,0.2,0.0,1.16,0,none,normal
2026-01-14,5,2026-01-14 05:00,0.36,0.26,0.32,0.21,0.0,1.15,0,none,normal
2026-01-14,6,2026-01-14 06:00,19.69,13.36,12.21,2.34,7.61,55.21,0,none,normal
2026-01-14,7,2026-01-14 07:00,15.62,11.38,13.33,8.11,6.75,55.19,0,none,normal
2026-01-14,8,2026-01-14 08:00,19.93,10.84,13.83,8.64,0.0,53.24,0,none,normal
2026-01-14,9,2026-01-14 09:00,3.53,2.24,2.63,1.93,0.0,10.33,0,none,normal
2026-01-14,10,2026-01-14 10:00,3.34,2.25,2.51,2.43,0.0,10.53,0,none,normal
2026-01-14,11,2026-01-14 11:00,3.33,2.2,2.49,2.11,0.0,10.13,0,none,normal
2026-01-14,12,2026-01-14 12:00,3.18,2.4,2.53,6.34,0.0,14.45,0,none,normal
2026-01-14,13,2026-01-14 13:00,2.78,2.16,2.39,6.15,0.0,13.48,0,none,normal
2026-01-14,14,2026-01-14 14:00,3.02,2.34,2.57,2.49,0.0,10.42,0,none,normal
2026-01-14,15,2026-01-14 15:00,2.85,2.11,2.44,2.13,0.0,9.53,0,none,normal
2026-01-14,16,2026-01-14 16:00,2.98,2.03,2.11,2.11,0.0,9.23,0,none,normal
2026-01-14,17,2026-01-14 17:00,3.31,2.03,2.66,2.02,0.0,10.02,0,none,normal
2026-01-14,18,2026-01-14 18:00,3.27,2.08,2.59,7.65,6.03,21.62,0,none,normal
2026-01-14,19,2026-01-14 19:00,14.39,9.33,9.26,8.67,6.01,47.66,0,none,normal
2026-01-14,20,2026-01-14 20:00,16.42,9.05,10.32,6.62,0.0,42.41,0,none,normal
2026-01-14,21,2026-01-14 21:00,16.05,10.36,10.7,2.27,0.0,39.38,0,none,normal
2026-01-14,22,2026-01-14 22:00,3.13,2.45,2.56,2.43,0.0,10.57,0,none,normal
2026-01-14,23,2026-01-14 23:00,3.1,2.25,2.18,2.29,0.0,9.82,0,none,normal
2026-01-15,0,2026-01-15 00:00,0.4,0.3,0.28,0.26,0.0,1.24,0,none,normal
2026-01-15,1,2026-01-15 01:00,0.35,0.31,0.29,0.24,0.0,1.19,0,none,normal
2026-01-15,2,2026-01-15 02:00,0.45,0.3,0.27,0.23,0.0,1.25,0,none,normal
2026-01-15,3,2026-01-15 03:00,0.35,0.25,0.28,0.22,0.0,1.1,0,none,normal
2026-01-15,4,2026-01-15 04:00,0.41,0.28,0.28,0.23,0.0,1.2,0,none,normal
2026-01-15,5,2026-01-15 05:00,0.46,0.29,0.28,0.21,0.0,1.24,0,none,normal
2026-01-15,6,2026-01-15 06:00,17.77,12.86,12.41,2.46,7.2,52.7,0,none,normal
2026-01-15,7,2026-01-15 07:00,18.52,13.84,13.53,8.82,8.01,62.72,0,none,normal
2026-01-15,8,2026-01-15 08:00,18.59,10.38,13.1,9.23,0.0,51.3,0,none,normal
2026-01-15,9,2026-01-15 09:00,3.47,2.25,2.56,2.31,0.0,10.59,0,none,normal
2026-01-15,10,2026-01-15 10:00,3.32,2.28,2.65,2.01,0.0,10.26,0,none,normal
2026-01-15,11,2026-01-15 11:00,2.75,2.5,2.12,1.93,0.0,9.3,0,none,normal
2026-01-15,12,2026-01-15 12:00,2.87,2.33,2.34,7.31,0.0,14.85,0,none,normal
2026-01-15,13,2026-01-15 13:00,3.56,2.36,2.08,6.02,0.0,14.02,0,none,normal
2026-01-15,14,2026-01-15 14:00,3.03,2.31,2.42,2.12,0.0,9.88,0,none,normal
2026-01-15,15,2026-01-15 15:00,3.6,2.1,2.3,2.43,0.0,10.43,0,none,normal
2026-01-15,16,2026-01-15 16:00,3.34,2.33,2.48,2.04,0.0,10.19,0,none,normal
2026-01-15,17,2026-01-15 17:00,3.26,2.02,2.74,2.11,0.0,10.13,0,none,normal
2026-01-15,18,2026-01-15 18:00,2.92,2.34,2.27,7.3,6.78,21.61,0,none,normal
2026-01-15,19,2026-01-15 19:00,15.68,9.23,9.57,8.06,5.78,48.32,0,none,normal
2026-01-15,20,2026-01-15 20:00,16.47,10.85,12.27,8.35,0.0,47.94,0,none,normal
2026-01-15,21,2026-01-15 21:00,13.48,10.54,10.3,2.21,0.0,36.53,0,none,normal
2026-01-15,22,2026-01-15 22:00,3.18,2.0,2.43,2.54,0.0,10.15,0,none,normal
2026-01-15,23,2026-01-15 23:00,2.85,2.28,2.46,2.08,0.0,9.67,0,none,normal
2026-01-16,0,2026-01-16 00:00,0.4,0.29,0.26,0.22,0.0,1.17,0,none,normal
2026-01-16,1,2026-01-16 01:00,0.35,0.3,0.26,0.23,0.0,1.14,0,none,normal
2026-01-16,2,2026-01-16 02:00,0.39,0.31,0.33,0.22,0.0,1.25,0,none,normal
2026-01-16,3,2026-01-16 03:00,0.46,0.26,0.31,0.25,0.0,1.28,0,none,normal
2026-01-16,4,2026-01-16 04:00,0.41,0.28,0.32,0.25,0.0,1.26,0,none,normal
2026-01-16,5,2026-01-16 05:00,0.36,0.31,0.27,0.25,0.0,1.19,0,none,normal
2026-01-16,6,2026-01-16 06:00,17.06,12.08,14.93,2.56,8.46,55.09,0,none,normal
2026-01-16,7,2026-01-16 07:00,19.59,10.32,13.47,7.15,8.59,59.12,0,none,normal
2026-01-16,8,2026-01-16 08:00,16.46,13.88,13.37,8.09,0.0,51.8,0,none,normal
2026-01-16,9,2026-01-16 09:00,3.54,2.18,2.18,1.99,0.0,9.89,0,none,normal
2026-01-16,10,2026-01-16 10:00,3.16,2.04,2.17,2.41,0.0,9.78,0,none,normal
2026-01-16,11,2026-01-16 11:00,3.27,2.37,2.17,2.49,0.0,10.3,0,none,normal
2026-01-16,12,2026-01-16 12:00,3.51,2.21,2.1,7.09,0.0,14.91,0,none,normal
2026-01-16,13,2026-01-16 13:00,2.85,2.08,2.22,6.27,0.0,13.42,0,none,normal
2026-01-16,14,2026-01-16 14:00,3.44,2.5,2.26,2.4,0.0,10.6,0,none,normal
2026-01-16,15,2026-01-16 15:00,3.35,2.33,2.08,1.99,0.0,9.75,0,none,normal
2026-01-16,16,2026-01-16 16:00,3.11,2.2,2.68,2.39,0.0,10.38,0,none,normal
2026-01-16,17,2026-01-16 17:00,2.83,2.47,2.25,2.33,0.0,9.88,0,none,normal
2026-01-16,18,2026-01-16 18:00,2.85,1.97,2.58,7.89,5.85,21.14,0,none,normal
2026-01-16,19,2026-01-16 19:00,14.61,9.81,10.92,8.03,5.49,48.86,0,none,normal
2026-01-16,20,2026-01-16 20:00,13.31,10.66,12.01,6.69,0.0,42.67,0,none,normal
2026-01-16,21,2026-01-16 21:00,15.28,8.65,11.01,1.95,0.0,36.89,0,none,normal
2026-01-16,22,2026-01-16 22:00,3.21,2.25,2.15,2.13,0.0,9.74,0,none,normal
2026-01-16,23,2026-01-16 23:00,2.83,2.01,2.46,1.97,0.0,9.27,0,none,normal
2026-01-17,0,2026-01-17 00:00,0.52,0.33,0.36,0.27,0.0,1.48,0,none,normal
2026-01-17,1,2026-01-17 01:00,0.47,0.36,0.38,0.26,0.0,1.47,0,none,normal
2026-01-17,2,2026-01-17 02:00,0.52,0.34,0.31,0.26,0.0,1.43,0,none,normal
2026-01-17,3,2026-01-17 03:00,0.55,0.37,0.31,0.31,0.0,1.54,0,none,normal
2026-01-17,4,2026-01-17 04:00,0.47,0.36,0.39,0.31,0.0,1.53,0,none,normal
2026-01-17,5,2026-01-17 05:00,0.47,0.38,0.35,0.3,0.0,1.5,0,none,normal
2026-01-17,6,2026-01-17 06:00,20.33,15.32,16.61,2.73,9.41,64.4,0,none,normal
2026-01-17,7,2026-01-17 07:00,20.16,13.12,16.02,9.8,9.62,68.72,0,none,normal
2026-01-17,8,2026-01-17 08:00,19.36,12.36,13.57,9.13,0.0,54.42,0,none,normal
2026-01-17,9,2026-01-17 09:00,3.89,2.67,3.16,2.5,0.0,12.22,0,none,normal
2026-01-17,10,2026-01-17 10:00,3.58,2.99,3.07,2.39,0.0,12.03,0,none,normal
2026-01-17,11,2026-01-17 11:00,3.75,2.85,3.21,2.31,0.0,12.12,0,none,normal
2026-01-17,12,2026-01-17 12:00,3.38,2.27,2.96,8.59,0.0,17.2,0,none,normal
2026-01-17,13,2026-01-17 13:00,4.12,2.56,2.65,7.41,0.0,16.74,0,none,normal
2026-01-17,14,2026-01-17 14:00,3.33,2.64,2.7,2.96,0.0,11.63,0,none,normal
2026-01-17,15,2026-01-17 15:00,3.63,2.72,3.03,2.55,0.0,11.93,0,none,normal
2026-01-17,16,2026-01-17 16:00,3.43,2.77,2.64,2.54,0.0,11.38,0,none,normal
2026-01-17,17,2026-01-17 17:00,4.36,2.94,3.24,2.8,0.0,13.34,0,none,normal
2026-01-17,18,2026-01-17 18:00,3.83,3.01,3.26,9.65,7.82,27.57,0,none,normal
2026-01-17,19,2026-01-17 19:00,16.34,11.58,11.6,8.84,7.75,56.11,0,none,normal
2026-01-17,20,2026-01-17 20:00,17.14,13.13,12.19,9.75,0.0,52.21,0,none,normal
2026-01-17,21,2026-01-17 21:00,19.43,12.1,14.78,2.75,0.0,49.06,0,none,normal
2026-01-17,22,2026-01-17 22:00,3.54,2.41,3.01,3.04,0.0,12.0,0,none,normal
2026-01-17,23,2026-01-17 23:00,3.37,2.82,2.61,2.51,0.0,11.31,0,none,normal
2026-01-18,0,2026-01-18 00:00,0.49,0.37,0.33,0.29,0.0,1.48,0,none,normal
2026-01-18,1,2026-01-18 01:00,0.49,0.33,0.4,0.26,0.0,1.48,0,none,normal
2026-01-18,2,2026-01-18 02:00,0.41,0.37,0.41,0.24,0.0,1.43,0,none,normal
2026-01-18,3,2026-01-18 03:00,0.48,0.3,0.37,0.25,0.0,1.4,0,none,normal
2026-01-18,4,2026-01-18 04:00,0.49,0.36,0.35,0.27,0.0,1.47,0,none,normal
2026-01-18,5,2026-01-18 05:00,0.45,0.33,0.36,0.24,0.0,1.38,0,none,normal
2026-01-18,6,2026-01-18 06:00,20.93,16.0,17.81,2.6,8.77,66.11,0,none,normal
2026-01-18,7,2026-01-18 07:00,21.52,13.31,14.16,9.02,10.17,68.18,0,none,normal
2026-01-18,8,2026-01-18 08:00,21.62,14.16,14.19,9.22,0.0,59.19,0,none,normal
2026-01-18,9,2026-01-18 09:00,4.22,2.64,3.01,2.85,0.0,12.72,0,none,normal
2026-01-18,10,2026-01-18 10:00,4.21,3.01,3.0,2.69,0.0,12.91,0,none,normal
2026-01-18,11,2026-01-18 11:00,4.18,2.38,3.07,2.69,0.0,12.32,0,none,normal
2026-01-18,12,2026-01-18 12:00,3.89,2.75,2.5,6.97,0.0,16.11,0,none,normal
2026-01-18,13,2026-01-18 13:00,4.35,2.77,3.11,7.89,0.0,18.12,0,none,normal
2026-01-18,14,2026-01-18 14:00,3.53,2.8,2.46,2.7,0.0,11.49,0,none,normal
2026-01-18,15,2026-01-18 15:00,3.98,2.77,2.98,2.69,0.0,12.42,0,none,normal
2026-01-18,16,2026-01-18 16:00,3.27,2.68,2.46,2.72,0.0,11.13,0,none,normal
2026-01-18,17,2026-01-18 17:00,4.39,2.26,3.15,2.84,0.0,12.64,0,none,normal
2026-01-18,18,2026-01-18 18:00,4.31,2.33,2.53,8.21,6.53,23.91,0,none,normal
2026-01-18,19,2026-01-18 19:00,17.42,13.0,12.06,8.9,6.93,58.31,0,none,normal
2026-01-18,20,2026-01-18 20:00,16.79,12.11,14.87,8.43,0.0,52.2,0,none,normal
2026-01-18,21,2026-01-18 21:00,19.08,12.43,14.35,2.91,0.0,48.77,0,none,normal
2026-01-18,22,2026-01-18 22:00,3.7,2.68,2.5,2.3,0.0,11.18,0,none,normal
2026-01-18,23,2026-01-18 23:00,3.84,2.59,3.13,2.75,0.0,12.31,0,none,normal
2026-01-19,0,2026-01-19 00:00,0.35,0.28,0.26,0.21,0.0,1.1,0,none,normal
2026-01-19,1,2026-01-19 01:00,0.45,0.27,0.26,0.2,0.0,1.18,0,none,normal
2026-01-19,2,2026-01-19 02:00,0.45,0.28,0.26,0.25,0.0,1.24,0,none,normal
2026-01-19,3,2026-01-19 03:00,0.46,0.28,0.32,0.24,0.0,1.3,0,none,normal
2026-01-19,4,2026-01-19 04:00,0.35,0.25,0.28,0.25,0.0,1.13,0,none,normal
2026-01-19,5,2026-01-19 05:00,0.45,0.26,0.32,0.2,0.0,1.23,0,none,normal
2026-01-19,6,2026-01-19 06:00,18.78,12.1,15.08,1.95,7.36,55.27,0,none,normal
2026-01-19,7,2026-01-19 07:00,19.39,11.52,14.27,9.21,7.27,61.66,0,none,normal
2026-01-19,8,2026-01-19 08:00,19.04,10.39,12.3,9.3,0.0,51.03,0,none,normal
2026-01-19,9,2026-01-19 09:00,3.06,2.49,2.35,2.37,0.0,10.27,0,none,normal
2026-01-19,10,2026-01-19 10:00,2.8,2.28,2.61,2.39,0.0,10.08,0,none,normal
2026-01-19,11,2026-01-19 11:00,2.87,2.34,2.5,2.41,0.0,10.12,0,none,normal
2026-01-19,12,2026-01-19 12:00,2.82,1.87,2.26,6.47,0.0,13.42,0,none,normal
2026-01-19,13,2026-01-19 13:00,2.85,1.99,2.36,6.86,0.0,14.06,0,none,normal
2026-01-19,14,2026-01-19 14:00,2.75,2.1,2.11,2.32,0.0,9.28,0,none,normal
2026-01-19,15,2026-01-19 15:00,3.09,2.06,2.32,1.97,0.0,9.44,0,none,normal
2026-01-19,16,2026-01-19 16:00,3.59,2.52,2.45,2.03,0.0,10.59,0,none,normal
2026-01-19,17,2026-01-19 17:00,2.85,2.07,2.4,1.96,0.0,9.28,0,none,normal
2026-01-19,18,2026-01-19 18:00,3.12,2.19,2.1,7.08,5.54,20.03,0,none,normal
2026-01-19,19,2026-01-19 19:00,14.94,10.18,9.81,6.75,5.65,47.33,0,none,normal
2026-01-19,20,2026-01-19 20:00,16.34,9.4,11.19,8.35,0.0,45.28,0,none,normal
2026-01-19,21,2026-01-19 21:00,13.69,10.84,11.96,2.57,0.0,39.06,0,none,normal
2026-01-19,22,2026-01-19 22:00,3.03,2.5,2.18,2.12,0.0,9.83,0,none,normal
2026-01-19,23,2026-01-19 23:00,3.65,2.06,2.54,2.24,0.0,10.49,0,none,normal
2026-01-20,0,2026-01-20 00:00,0.37,0.26,0.33,0.22,0.0,1.18,0,none,normal
2026-01-20,1,2026-01-20 01:00,0.41,0.28,0.3,0.24,0.0,1.23,0,none,normal
2026-01-20,2,2026-01-20 02:00,0.45,0.27,0.32,0.22,0.0,1.26,0,none,normal
2026-01-20,3,2026-01-20 03:00,0.42,0.3,0.33,0.22,0.0,1.27,0,none,normal
2026-01-20,4,2026-01-20 04:00,0.42,0.25,0.31,0.24,0.0,1.22,0,none,normal
2026-01-20,5,2026-01-20 05:00,0.35,0.32,0.3,0.22,0.0,1.19,0,none,normal
2026-01-20,6,2026-01-20 06:00,19.82,12.8,13.37,2.45,7.18,55.62,0,none,normal
2026-01-20,7,2026-01-20 07:00,19.69,12.23,13.75,7.09,8.11,60.87,0,none,normal
2026-01-20,8,2026-01-20 08:00,18.43,11.57,13.78,6.99,0.0,50.77,0,none,normal
2026-01-20,9,2026-01-20 09:00,3.37,2.13,2.58,2.56,0.0,10.64,0,none,normal
2026-01-20,10,2026-01-20 10:00,2.73,2.04,2.41,2.26,0.0,9.44,0,none,normal
2026-01-20,11,2026-01-20 11:00,3.27,2.16,2.32,2.43,0.0,10.18,0,none,normal
2026-01-20,12,2026-01-20 12:00,3.2,2.1,2.06,5.95,0.0,13.31,0,none,normal
2026-01-20,13,2026-01-20 13:00,3.64,1.95,2.72,6.02,0.0,14.33,0,none,normal
2026-01-20,14,2026-01-20 14:00,3.16,2.01,2.39,2.23,0.0,9.79,0,none,normal
2026-01-20,15,2026-01-20 15:00,3.39,2.08,2.26,2.46,0.0,10.19,0,none,normal
2026-01-20,16,2026-01-20 16:00,3.54,2.3,2.53,2.02,0.0,10.39,0,none,normal
2026-01-20,17,2026-01-20 17:00,2.95,1.99,2.16,2.29,0.0,9.39,0,none,normal
2026-01-20,18,2026-01-20 18:00,2.94,2.14,2.17,7.97,5.88,21.1,0,none,normal
2026-01-20,19,2026-01-20 19:00,12.37,10.24,9.82,7.86,5.8,46.09,0,none,normal
2026-01-20,20,2026-01-20 20:00,15.28,9.03,11.62,8.36,0.0,44.29,0,none,normal
2026-01-20,21,2026-01-20 21:00,12.68,11.0,9.79,2.13,0.0,35.6,0,none,normal
2026-01-20,22,2026-01-20 22:00,2.97,2.44,2.42,2.34,0.0,10.17,0,none,normal
2026-01-20,23,2026-01-20 23:00,3.31,2.26,2.29,2.48,0.0,10.34,0,none,normal
2026-01-21,0,2026-01-21 00:00,0.44,0.29,0.28,0.23,0.0,1.24,0,none,normal
2026-01-21,1,2026-01-21 01:00,0.36,0.24,0.28,0.2,0.0,1.08,0,none,normal
2026-01-21,2,2026-01-21 02:00,0.4,0.27,0.27,0.22,0.0,1.16,0,none,normal
2026-01-21,3,2026-01-21 03:00,0.42,0.29,0.31,0.26,0.0,1.28,0,none,normal
2026-01-21,4,2026-01-21 04:00,0.4,0.25,0.28,0.22,0.0,1.15,0,none,normal
2026-01-21,5,2026-01-21 05:00,0.38,0.23,0.27,0.25,0.0,1.13,0,none,normal
2026-01-21,6,2026-01-21 06:00,17.63,12.08,13.93,2.19,8.26,54.09,0,none,normal
2026-01-21,7,2026-01-21 07:00,17.54,10.59,11.34,8.73,7.03,55.23,0,none,normal
2026-01-21,8,2026-01-21 08:00,16.41,12.24,11.89,8.0,0.0,48.54,0,none,normal
2026-01-21,9,2026-01-21 09:00,3.46,2.23,2.12,1.99,0.0,9.8,0,none,normal
2026-01-21,10,2026-01-21 10:00,3.51,2.11,2.63,1.94,0.0,10.19,0,none,normal
2026-01-21,11,2026-01-21 11:00,3.24,2.52,2.11,2.47,0.0,10.34,0,none,normal
2026-01-21,12,2026-01-21 12:00,3.01,2.53,2.36,6.44,0.0,14.34,0,none,normal
2026-01-21,13,2026-01-21 13:00,3.14,2.53,2.6,6.22,0.0,14.49,0,none,normal
2026-01-21,14,2026-01-21 14:00,3.28,2.1,2.55,2.34,0.0,10.27,0,none,normal
2026-01-21,15,2026-01-21 15:00,2.85,2.01,2.19,1.95,0.0,9.0,0,none,normal
2026-01-21,16,2026-01-21 16:00,2.99,2.23,2.27,2.39,0.0,9.88,0,none,normal
2026-01-21,17,2026-01-21 17:00,2.98,2.44,2.75,2.37,0.0,10.54,0,none,normal
2026-01-21,18,2026-01-21 18:00,3.64,2.39,2.7,8.78,6.66,24.17,0,none,normal
2026-01-21,19,2026-01-21 19:00,12.79,10.99,9.99,8.14,6.59,48.5,0,none,normal
2026-01-21,20,2026-01-21 20:00,15.53,10.42,10.77,7.83,0.0,44.55,0,none,normal
2026-01-21,21,2026-01-21 21:00,14.03,9.76,11.23,2.51,0.0,37.53,0,none,normal
2026-01-21,22,2026-01-21 22:00,3.21,2.05,2.71,2.16,0.0,10.13,0,none,normal
2026-01-21,23,2026-01-21 23:00,3.03,1.87,2.6,2.41,0.0,9.91,0,none,normal
2026-01-22,0,2026-01-22 00:00,0.4,0.29,0.29,0.2,0.0,1.18,0,none,normal
2026-01-22,1,2026-01-22 01:00,0.37,0.27,0.27,0.21,0.0,1.12,0,none,normal
2026-01-22,2,2026-01-22 02:00,0.38,0.28,0.31,0.22,0.0,1.19,0,none,normal
2026-01-22,3,2026-01-22 03:00,0.42,0.24,0.26,0.24,0.0,1.16,0,none,normal
2026-01-22,4,2026-01-22 04:00,0.35,0.3,0.29,0.19,0.0,1.13,0,none,normal
2026-01-22,5,2026-01-22 05:00,0.36,0.29,0.27,0.24,0.0,1.16,0,none,normal
2026-01-22,6,2026-01-22 06:00,19.88,11.28,13.81,2.08,7.21,54.26,0,none,normal
2026-01-22,7,2026-01-22 07:00,19.73,10.89,12.79,7.63,7.95,58.99,0,none,normal
2026-01-22,8,2026-01-22 08:00,16.2,12.66,14.01,6.89,0.0,49.76,0,none,normal
2026-01-22,9,2026-01-22 09:00,2.85,2.02,2.53,1.92,0.0,9.32,0,none,normal
2026-01-22,10,2026-01-22 10:00,3.5,2.52,2.34,2.0,0.0,10.36,0,none,normal
2026-01-22,11,2026-01-22 11:00,3.09,2.35,2.11,2.12,0.0,9.67,0,none,normal
2026-01-22,12,2026-01-22 12:00,2.85,2.38,2.58,6.01,0.0,13.82,0,none,normal
2026-01-22,13,2026-01-22 13:00,2.86,2.22,2.05,7.05,0.0,14.18,0,none,normal
2026-01-22,14,2026-01-22 14:00,3.41,2.28,2.15,2.19,0.0,10.03,0,none,normal
2026-01-22,15,2026-01-22 15:00,3.55,1.93,2.11,2.42,0.0,10.01,0,none,normal
2026-01-22,16,2026-01-22 16:00,3.09,2.51,2.27,2.01,0.0,9.88,0,none,normal
2026-01-22,17,2026-01-22 17:00,2.8,2.24,2.47,2.32,0.0,9.83,0,none,normal
2026-01-22,18,2026-01-22 18:00,3.38,2.43,2.51,7.19,6.03,21.54,0,none,normal
2026-01-22,19,2026-01-22 19:00,14.44,10.64,10.14,6.63,6.72,48.57,0,none,normal
2026-01-22,20,2026-01-22 20:00,16.36,9.88,9.55,7.65,0.0,43.44,0,none,normal
2026-01-22,21,2026-01-22 21:00,14.52,11.32,12.38,2.54,0.0,40.76,0,none,normal
2026-01-22,22,2026-01-22 22:00,3.55,2.25,2.3,2.37,0.0,10.47,0,none,normal
2026-01-22,23,2026-01-22 23:00,3.64,2.38,2.05,1.96,0.0,10.03,0,none,normal
2026-01-23,0,2026-01-23 00:00,0.34,0.24,0.33,0.23,0.0,1.14,0,none,normal
2026-01-23,1,2026-01-23 01:00,0.4,0.27,0.32,0.2,0.0,1.19,0,none,normal
2026-01-23,2,2026-01-23 02:00,0.41,0.26,0.28,0.23,0.0,1.18,0,none,normal
2026-01-23,3,2026-01-23 03:00,0.44,0.28,0.29,0.23,0.0,1.24,0,none,normal
2026-01-23,4,2026-01-23 04:00,0.42,0.24,0.32,0.24,0.0,1.22,0,none,normal
2026-01-23,5,2026-01-23 05:00,0.35,0.24,0.29,0.22,0.0,1.1,0,none,normal
2026-01-23,6,2026-01-23 06:00,16.59,12.98,14.15,1.99,7.97,53.68,0,none,normal
2026-01-23,7,2026-01-23 07:00,18.66,10.88,14.99,8.16,8.14,60.83,0,none,normal
2026-01-23,8,2026-01-23 08:00,18.77,10.89,11.72,8.78,0.0,50.16,0,none,normal
2026-01-23,9,2026-01-23 09:00,3.57,2.38,2.06,2.46,0.0,10.47,0,none,normal
2026-01-23,10,2026-01-23 10:00,2.78,2.34,2.46,1.96,0.0,9.54,0,none,normal
2026-01-23,11,2026-01-23 11:00,3.07,2.2,2.45,2.16,0.0,9.88,0,none,normal
2026-01-23,12,2026-01-23 12:00,2.82,2.25,2.56,6.2,0.0,13.83,0,none,normal
2026-01-23,13,2026-01-23 13:00,2.76,2.44,2.22,6.69,0.0,14.11,0,none,normal
2026-01-23,14,2026-01-23 14:00,2.86,2.48,2.66,2.29,0.0,10.29,0,none,normal
2026-01-23,15,2026-01-23 15:00,3.43,2.15,2.27,2.19,0.0,10.04,0,none,normal
2026-01-23,16,2026-01-23 16:00,2.98,1.92,2.31,2.25,0.0,9.46,0,none,normal
2026-01-23,17,2026-01-23 17:00,2.89,2.4,2.75,2.56,0.0,10.6,0,none,normal
2026-01-23,18,2026-01-23 18:00,3.17,2.06,2.65,7.25,6.1,21.23,0,none,normal
2026-01-23,19,2026-01-23 19:00,12.27,9.01,11.01,7.2,6.22,45.71,0,none,normal
2026-01-23,20,2026-01-23 20:00,14.24,10.17,10.78,8.28,0.0,43.47,0,none,normal
2026-01-23,21,2026-01-23 21:00,16.13,10.67,9.97,1.92,0.0,38.69,0,none,normal
2026-01-23,22,2026-01-23 22:00,2.94,2.1,2.64,2.5,0.0,10.18,0,none,normal
2026-01-23,23,2026-01-23 23:00,2.72,2.3,2.65,2.4,0.0,10.07,0,none,normal
2026-01-24,0,2026-01-24 00:00,0.48,0.3,0.36,0.23,0.0,1.37,0,none,normal
2026-01-24,1,2026-01-24 01:00,0.51,0.29,0.41,0.3,0.0,1.51,0,none,normal
2026-01-24,2,2026-01-24 02:00,0.51,0.32,0.41,0.24,0.0,1.48,0,none,normal
2026-01-24,3,2026-01-24 03:00,0.43,0.36,0.31,0.28,0.0,1.38,0,none,normal
2026-01-24,4,2026-01-24 04:00,0.55,0.3,0.33,0.26,0.0,1.44,0,none,normal
2026-01-24,5,2026-01-24 05:00,0.51,0.35,0.34,0.25,0.0,1.45,0,none,normal
2026-01-24,6,2026-01-24 06:00,19.24,15.74,16.24,2.42,8.09,61.73,0,none,normal
2026-01-24,7,2026-01-24 07:00,20.9,14.11,16.01,11.07,8.21,70.3,0,none,normal
2026-01-24,8,2026-01-24 08:00,19.91,13.5,14.03,8.72,0.0,56.16,0,none,normal
2026-01-24,9,2026-01-24 09:00,4.22,2.8,2.48,2.97,0.0,12.47,0,none,normal
2026-01-24,10,2026-01-24 10:00,3.37,2.44,2.76,2.71,0.0,11.28,0,none,normal
2026-01-24,11,2026-01-24 11:00,3.56,3.03,2.47,2.62,0.0,11.68,0,none,normal
2026-01-24,12,2026-01-24 12:00,4.13,2.44,2.85,8.84,0.0,18.26,0,none,normal
2026-01-24,13,2026-01-24 13:00,3.28,2.9,3.3,7.2,0.0,16.68,0,none,normal
2026-01-24,14,2026-01-24 14:00,3.69,2.74,3.01,2.77,0.0,12.21,0,none,normal
2026-01-24,15,2026-01-24 15:00,4.2,2.26,2.5,3.03,0.0,11.99,0,none,normal
2026-01-24,16,2026-01-24 16:00,3.41,2.96,3.16,2.56,0.0,12.09,0,none,normal
2026-01-24,17,2026-01-24 17:00,3.8,2.38,2.94,2.96,0.0,12.08,0,none,normal
2026-01-24,18,2026-01-24 18:00,3.3,2.79,2.6,8.39,6.52,23.6,0,none,normal
2026-01-24,19,2026-01-24 19:00,16.14,13.25,11.15,9.51,6.65,56.7,0,none,normal
2026-01-24,20,2026-01-24 20:00,16.22,11.57,13.16,7.97,0.0,48.92,0,none,normal
2026-01-24,21,2026-01-24 21:00,15.4,10.81,14.46,2.72,0.0,43.39,0,none,normal
2026-01-24,22,2026-01-24 22:00,4.19,2.87,3.3,2.93,0.0,13.29,0,none,normal
2026-01-24,23,2026-01-24 23:00,3.89,2.63,3.24,2.7,0.0,12.46,0,none,normal
2026-01-25,0,2026-01-25 00:00,0.43,0.31,0.33,0.3,0.0,1.37,0,none,normal
2026-01-25,1,2026-01-25 01:00,0.42,0.38,0.36,0.29,0.0,1.45,0,none,normal
2026-01-25,2,2026-01-25 02:00,0.55,0.29,0.38,0.25,0.0,1.47,0,none,normal
2026-01-25,3,2026-01-25 03:00,0.54,0.29,0.41,0.25,0.0,1.49,0,none,normal
2026-01-25,4,2026-01-25 04:00,0.52,0.32,0.4,0.3,0.0,1.54,0,none,normal
2026-01-25,5,2026-01-25 05:00,0.49,0.36,0.38,0.3,0.0,1.53,0,none,normal
2026-01-25,6,2026-01-25 06:00,22.39,16.47,16.14,2.75,8.16,65.91,0,none,normal
2026-01-25,7,2026-01-25 07:00,24.21,16.18,15.8,9.16,8.97,74.32,0,none,normal
2026-01-25,8,2026-01-25 08:00,18.52,13.36,14.5,9.8,0.0,56.18,0,none,normal
2026-01-25,9,2026-01-25 09:00,4.32,2.4,2.56,2.88,0.0,12.16,0,none,normal
2026-01-25,10,2026-01-25 10:00,4.24,2.5,2.47,2.77,0.0,11.98,0,none,normal
2026-01-25,11,2026-01-25 11:00,4.16,2.91,3.19,3.07,0.0,13.33,0,none,normal
2026-01-25,12,2026-01-25 12:00,4.35,2.56,2.54,7.62,0.0,17.07,0,none,normal
2026-01-25,13,2026-01-25 13:00,3.45,3.0,3.13,9.22,0.0,18.8,0,none,normal
2026-01-25,14,2026-01-25 14:00,3.46,3.01,3.05,3.05,0.0,12.57,0,none,normal
2026-01-25,15,2026-01-25 15:00,3.52,2.71,2.6,2.54,0.0,11.37,0,none,normal
2026-01-25,16,2026-01-25 16:00,3.41,2.82,3.27,3.06,0.0,12.56,0,none,normal
2026-01-25,17,2026-01-25 17:00,4.41,3.01,2.48,2.78,0.0,12.68,0,none,normal
2026-01-25,18,2026-01-25 18:00,4.38,2.42,2.94,10.38,6.42,26.54,0,none,normal
2026-01-25,19,2026-01-25 19:00,18.55,10.95,14.84,8.27,8.03,60.64,0,none,normal
2026-01-25,20,2026-01-25 20:00,15.15,12.62,13.5,10.24,0.0,51.51,0,none,normal
2026-01-25,21,2026-01-25 21:00,16.06,10.99,11.28,2.5,0.0,40.83,0,none,normal
2026-01-25,22,2026-01-25 22:00,3.27,2.55,3.08,3.08,0.0,11.98,0,none,normal
2026-01-25,23,2026-01-25 23:00,3.83,2.54,2.92,2.38,0.0,11.67,0,none,normal
2026-01-26,0,2026-01-26 00:00,0.44,0.29,0.32,0.2,0.0,1.25,0,none,normal
2026-01-26,1,2026-01-26 01:00,0.44,0.26,0.28,0.26,0.0,1.24,0,none,normal
2026-01-26,2,2026-01-26 02:00,0.36,0.26,0.32,0.23,0.0,1.17,0,none,normal
2026-01-26,3,2026-01-26 03:00,0.35,0.28,0.31,0.22,0.0,1.16,0,none,normal
2026-01-26,4,2026-01-26 04:00,0.45,0.25,0.34,0.2,0.0,1.24,0,none,normal
2026-01-26,5,2026-01-26 05:00,0.36,0.25,0.32,0.24,0.0,1.17,0,none,normal
2026-01-26,6,2026-01-26 06:00,16.36,11.31,12.16,1.95,7.66,49.44,0,none,normal
2026-01-26,7,2026-01-26 07:00,19.39,10.84,12.65,7.92,7.04,57.84,0,none,normal
2026-01-26,8,2026-01-26 08:00,18.46,12.46,12.01,6.95,0.0,49.88,0,none,normal
2026-01-26,9,2026-01-26 09:00,3.0,1.92,2.65,2.12,0.0,9.69,0,none,normal
2026-01-26,10,2026-01-26 10:00,3.19,2.31,2.11,2.28,0.0,9.89,0,none,normal
2026-01-26,11,2026-01-26 11:00,3.57,2.11,2.36,2.09,0.0,10.13,0,none,normal
2026-01-26,12,2026-01-26 12:00,2.94,2.05,2.08,7.26,0.0,14.33,0,none,normal
2026-01-26,13,2026-01-26 13:00,2.8,2.1,2.43,7.7,0.0,15.03,0,none,normal
2026-01-26,14,2026-01-26 14:00,3.25,2.42,2.63,24.2,0.0,32.5,1,kitchen,MEDIUM
2026-01-26,15,2026-01-26 15:00,3.55,2.18,2.67,2.23,0.0,10.63,0,none,normal
2026-01-26,16,2026-01-26 16:00,3.59,2.34,2.4,2.52,0.0,10.85,0,none,normal
2026-01-26,17,2026-01-26 17:00,3.37,2.28,2.13,2.42,0.0,10.2,0,none,normal
2026-01-26,18,2026-01-26 18:00,3.66,2.51,2.62,6.79,5.86,21.44,0,none,normal
2026-01-26,19,2026-01-26 19:00,16.51,9.71,12.41,7.94,6.6,53.17,0,none,normal
2026-01-26,20,2026-01-26 20:00,13.35,11.12,12.14,6.66,0.0,43.27,0,none,normal
2026-01-26,21,2026-01-26 21:00,13.96,9.38,10.07,2.22,0.0,35.63,0,none,normal
2026-01-26,22,2026-01-26 22:00,3.48,2.28,2.42,2.2,0.0,10.38,0,none,normal
2026-01-26,23,2026-01-26 23:00,2.86,2.26,2.59,2.55,0.0,10.26,0,none,normal
2026-01-27,0,2026-01-27 00:00,0.41,0.24,0.28,0.23,0.0,1.16,0,none,normal
2026-01-27,1,2026-01-27 01:00,0.39,0.27,0.3,0.23,0.0,1.19,0,none,normal
2026-01-27,2,2026-01-27 02:00,0.37,0.25,0.31,0.24,0.0,1.17,0,none,normal
2026-01-27,3,2026-01-27 03:00,0.45,0.26,0.28,0.24,0.0,1.23,0,none,normal
2026-01-27,4,2026-01-27 04:00,0.45,0.24,0.33,0.21,0.0,1.23,0,none,normal
2026-01-27,5,2026-01-27 05:00,0.4,0.29,0.26,0.25,0.0,1.2,0,none,normal
2026-01-27,6,2026-01-27 06:00,20.1,11.89,14.49,2.09,7.31,55.88,0,none,normal
2026-01-27,7,2026-01-27 07:00,18.37,10.97,12.06,8.89,8.04,58.33,0,none,normal
2026-01-27,8,2026-01-27 08:00,18.97,13.43,14.47,8.14,0.0,55.01,0,none,normal
2026-01-27,9,2026-01-27 09:00,3.02,2.2,2.14,2.49,0.0,9.85,0,none,normal
2026-01-27,10,2026-01-27 10:00,2.75,2.0,2.64,2.48,0.0,9.87,0,none,normal
2026-01-27,11,2026-01-27 11:00,3.16,2.48,2.55,2.1,0.0,10.29,0,none,normal
2026-01-27,12,2026-01-27 12:00,3.2,2.29,2.13,5.8,0.0,13.42,0,none,normal
2026-01-27,13,2026-01-27 13:00,3.29,1.99,2.67,6.93,0.0,14.88,0,none,normal
2026-01-27,14,2026-01-27 14:00,2.88,2.46,2.58,2.38,0.0,10.3,0,none,normal
2026-01-27,15,2026-01-27 15:00,3.09,1.98,2.45,2.56,0.0,10.08,0,none,normal
2026-01-27,16,2026-01-27 16:00,3.34,2.32,2.23,2.19,0.0,10.08,0,none,normal
2026-01-27,17,2026-01-27 17:00,3.47,2.38,2.05,2.53,0.0,10.43,0,none,normal
2026-01-27,18,2026-01-27 18:00,3.3,1.88,2.22,8.35,5.65,21.4,0,none,normal
2026-01-27,19,2026-01-27 19:00,16.42,10.32,10.55,7.37,5.73,50.39,0,none,normal
2026-01-27,20,2026-01-27 20:00,13.33,9.8,11.37,8.39,0.0,42.89,0,none,normal
2026-01-27,21,2026-01-27 21:00,12.68,9.93,11.33,2.48,0.0,36.42,0,none,normal
2026-01-27,22,2026-01-27 22:00,3.34,2.27,2.25,1.99,0.0,9.85,0,none,normal
2026-01-27,23,2026-01-27 23:00,3.67,2.29,2.66,2.09,0.0,10.71,0,none,normal
2026-01-28,0,2026-01-28 00:00,0.45,0.26,0.27,0.24,0.0,1.22,0,none,normal
2026-01-28,1,2026-01-28 01:00,0.44,0.3,0.31,0.24,0.0,1.29,0,none,normal
2026-01-28,2,2026-01-28 02:00,0.43,0.29,0.34,0.21,0.0,1.27,0,none,normal
2026-01-28,3,2026-01-28 03:00,0.39,0.24,0.32,0.23,0.0,1.18,0,none,normal
2026-01-28,4,2026-01-28 04:00,0.43,0.25,0.3,0.24,0.0,1.22,0,none,normal
2026-01-28,5,2026-01-28 05:00,0.42,0.28,0.33,0.25,0.0,1.28,0,none,normal
2026-01-28,6,2026-01-28 06:00,15.92,10.64,11.73,2.09,8.19,48.57,0,none,normal
2026-01-28,7,2026-01-28 07:00,18.99,10.95,13.91,7.7,6.58,58.13,0,none,normal
2026-01-28,8,2026-01-28 08:00,16.84,12.99,12.44,8.8,0.0,51.07,0,none,normal
2026-01-28,9,2026-01-28 09:00,2.97,2.06,2.65,2.23,0.0,9.91,0,none,normal
2026-01-28,10,2026-01-28 10:00,3.28,2.49,2.09,2.51,0.0,10.37,0,none,normal
2026-01-28,11,2026-01-28 11:00,3.55,2.12,2.25,1.95,0.0,9.87,0,none,normal
2026-01-28,12,2026-01-28 12:00,2.85,2.0,2.33,6.89,0.0,14.07,0,none,normal
2026-01-28,13,2026-01-28 13:00,3.16,2.08,2.56,7.31,0.0,15.11,0,none,normal
2026-01-28,14,2026-01-28 14:00,3.33,1.99,2.5,1.92,0.0,9.74,0,none,normal
2026-01-28,15,2026-01-28 15:00,3.45,1.98,2.59,2.24,0.0,10.26,0,none,normal
2026-01-28,16,2026-01-28 16:00,2.8,2.28,2.5,2.18,0.0,9.76,0,none,normal
2026-01-28,17,2026-01-28 17:00,3.09,1.89,2.18,2.16,0.0,9.32,0,none,normal
2026-01-28,18,2026-01-28 18:00,3.03,2.42,2.18,8.06,6.23,21.92,0,none,normal
2026-01-28,19,2026-01-28 19:00,13.31,10.47,10.3,6.8,5.79,46.67,0,none,normal
2026-01-28,20,2026-01-28 20:00,14.78,8.91,11.85,7.19,0.0,42.73,0,none,normal
2026-01-28,21,2026-01-28 21:00,15.38,10.19,10.27,2.51,0.0,38.35,0,none,normal
2026-01-28,22,2026-01-28 22:00,3.05,2.46,2.3,2.04,0.0,9.85,0,none,normal
2026-01-28,23,2026-01-28 23:00,3.6,2.14,2.2,2.4,0.0,10.34,0,none,normal
2026-01-29,0,2026-01-29 00:00,0.43,0.28,0.27,0.22,0.0,1.2,0,none,normal
2026-01-29,1,2026-01-29 01:00,0.34,0.31,0.28,0.23,0.0,1.16,0,none,normal
2026-01-29,2,2026-01-29 02:00,0.46,0.29,0.31,0.19,0.0,1.25,0,none,normal
2026-01-29,3,2026-01-29 03:00,0.39,0.27,0.3,0.22,0.0,1.18,0,none,normal
2026-01-29,4,2026-01-29 04:00,0.42,0.29,0.28,0.24,0.0,1.23,0,none,normal
2026-01-29,5,2026-01-29 05:00,0.37,0.28,0.27,0.25,0.0,1.17,0,none,normal
2026-01-29,6,2026-01-29 06:00,18.76,10.71,11.67,1.98,6.82,49.94,0,none,normal
2026-01-29,7,2026-01-29 07:00,16.01,11.24,13.29,7.38,7.96,55.88,0,none,normal
2026-01-29,8,2026-01-29 08:00,16.52,10.43,13.19,7.39,0.0,47.53,0,none,normal
2026-01-29,9,2026-01-29 09:00,3.04,1.87,2.52,2.52,0.0,9.95,0,none,normal
2026-01-29,10,2026-01-29 10:00,3.36,1.97,2.1,2.26,0.0,9.69,0,none,normal
2026-01-29,11,2026-01-29 11:00,2.82,2.04,2.21,2.58,0.0,9.65,0,none,normal
2026-01-29,12,2026-01-29 12:00,3.17,1.94,2.17,5.82,0.0,13.1,0,none,normal
2026-01-29,13,2026-01-29 13:00,3.49,2.08,2.57,5.93,0.0,14.07,0,none,normal
2026-01-29,14,2026-01-29 14:00,2.76,2.43,2.52,2.03,0.0,9.74,0,none,normal
2026-01-29,15,2026-01-29 15:00,3.14,2.28,2.67,1.98,0.0,10.07,0,none,normal
2026-01-29,16,2026-01-29 16:00,2.9,2.13,2.73,2.1,0.0,9.86,0,none,normal
2026-01-29,17,2026-01-29 17:00,3.54,2.4,2.51,2.45,0.0,10.9,0,none,normal
2026-01-29,18,2026-01-29 18:00,3.39,1.91,2.72,6.87,5.85,20.74,0,none,normal
2026-01-29,19,2026-01-29 19:00,14.79,10.8,11.38,6.92,5.78,49.67,0,none,normal
2026-01-29,20,2026-01-29 20:00,13.79,8.5,11.4,8.43,0.0,42.12,0,none,normal
2026-01-29,21,2026-01-29 21:00,12.8,11.15,9.55,2.19,0.0,35.69,0,none,normal
2026-01-29,22,2026-01-29 22:00,2.97,2.08,2.55,2.37,0.0,9.97,0,none,normal
2026-01-29,23,2026-01-29 23:00,3.27,2.24,2.74,2.36,0.0,10.61,0,none,normal
2026-01-30,0,2026-01-30 00:00,0.4,0.29,0.26,0.24,0.0,1.19,0,none,normal
2026-01-30,1,2026-01-30 01:00,0.38,0.29,0.29,0.25,0.0,1.21,0,none,normal
2026-01-30,2,2026-01-30 02:00,0.46,0.24,0.31,0.2,0.0,1.21,0,none,normal
2026-01-30,3,2026-01-30 03:00,0.44,0.31,0.26,0.22,0.0,1.23,0,none,normal
2026-01-30,4,2026-01-30 04:00,0.46,0.24,0.28,0.23,0.0,1.21,0,none,normal
2026-01-30,5,2026-01-30 05:00,0.37,0.27,0.33,0.22,0.0,1.19,0,none,normal
2026-01-30,6,2026-01-30 06:00,17.32,10.72,13.19,2.35,6.61,50.19,0,none,normal
2026-01-30,7,2026-01-30 07:00,17.14,12.31,11.22,7.11,7.73,55.51,0,none,normal
2026-01-30,8,2026-01-30 08:00,18.23,11.39,13.23,7.39,0.0,50.24,0,none,normal
2026-01-30,9,2026-01-30 09:00,3.63,2.11,2.08,2.06,0.0,9.88,0,none,normal
2026-01-30,10,2026-01-30 10:00,3.26,2.28,2.38,2.36,0.0,10.28,0,none,normal
2026-01-30,11,2026-01-30 11:00,2.83,2.37,2.2,2.14,0.0,9.54,0,none,normal
2026-01-30,12,2026-01-30 12:00,3.65,2.06,2.42,7.16,0.0,15.29,0,none,normal
2026-01-30,13,2026-01-30 13:00,2.88,1.96,2.56,7.2,0.0,14.6,0,none,normal
2026-01-30,14,2026-01-30 14:00,3.31,1.99,2.71,2.18,0.0,10.19,0,none,normal
2026-01-30,15,2026-01-30 15:00,3.47,2.34,2.12,2.19,0.0,10.12,0,none,normal
2026-01-30,16,2026-01-30 16:00,3.52,2.26,2.6,2.22,0.0,10.6,0,none,normal
2026-01-30,17,2026-01-30 17:00,3.64,1.96,2.4,2.27,0.0,10.27,0,none,normal
2026-01-30,18,2026-01-30 18:00,3.62,2.42,2.39,7.67,6.76,22.86,0,none,normal
2026-01-30,19,2026-01-30 19:00,13.01,10.13,11.55,6.8,5.8,47.29,0,none,normal
2026-01-30,20,2026-01-30 20:00,14.83,11.04,10.81,7.39,0.0,44.07,0,none,normal
2026-01-30,21,2026-01-30 21:00,16.2,10.68,10.07,2.56,0.0,39.51,0,none,normal
2026-01-30,22,2026-01-30 22:00,3.15,1.96,2.34,2.39,0.0,9.84,0,none,normal
2026-01-30,23,2026-01-30 23:00,3.01,2.33,2.66,2.39,0.0,10.39,0,none,normal
2026-01-31,0,2026-01-31 00:00,0.5,0.3,0.37,0.25,0.0,1.42,0,none,normal
2026-01-31,1,2026-01-31 01:00,0.5,0.38,0.38,0.31,0.0,1.57,0,none,normal
2026-01-31,2,2026-01-31 02:00,0.51,0.31,0.32,0.26,0.0,1.4,0,none,normal
2026-01-31,3,2026-01-31 03:00,0.49,0.35,0.35,0.29,0.0,1.48,0,none,normal
2026-01-31,4,2026-01-31 04:00,0.45,0.36,0.39,0.27,0.0,1.47,0,none,normal
2026-01-31,5,2026-01-31 05:00,0.43,0.35,0.33,0.29,0.0,1.4,0,none,normal
2026-01-31,6,2026-01-31 06:00,19.77,13.43,17.45,2.85,8.45,61.95,0,none,normal
2026-01-31,7,2026-01-31 07:00,22.73,12.48,17.33,8.56,9.99,71.09,0,none,normal
2026-01-31,8,2026-01-31 08:00,22.64,16.11,16.99,9.9,0.0,65.64,0,none,normal
2026-01-31,9,2026-01-31 09:00,4.17,2.88,2.7,2.83,0.0,12.58,0,none,normal
2026-01-31,10,2026-01-31 10:00,3.71,3.0,3.29,2.55,0.0,12.55,0,none,normal
2026-01-31,11,2026-01-31 11:00,3.28,2.44,2.98,2.93,0.0,11.63,0,none,normal
2026-01-31,12,2026-01-31 12:00,4.22,2.97,3.06,8.46,0.0,18.71,0,none,normal
2026-01-31,13,2026-01-31 13:00,3.89,2.72,3.12,9.23,0.0,18.96,0,none,normal
2026-01-31,14,2026-01-31 14:00,3.47,2.78,2.61,2.44,0.0,11.3,0,none,normal
2026-01-31,15,2026-01-31 15:00,3.7,2.58,2.93,2.4,0.0,11.61,0,none,normal
2026-01-31,16,2026-01-31 16:00,3.56,2.51,3.06,2.42,0.0,11.55,0,none,normal
2026-01-31,17,2026-01-31 17:00,3.64,2.28,3.25,2.79,0.0,11.96,0,none,normal
2026-01-31,18,2026-01-31 18:00,3.83,2.7,2.76,9.96,6.81,26.06,0,none,normal
2026-01-31,19,2026-01-31 19:00,15.83,10.75,11.28,9.19,7.02,54.07,0,none,normal
2026-01-31,20,2026-01-31 20:00,17.47,10.43,11.88,8.39,0.0,48.17,0,none,normal
2026-01-31,21,2026-01-31 21:00,16.56,10.88,13.94,2.72,0.0,44.1,0,none,normal
2026-01-31,22,2026-01-31 22:00,4.21,3.02,2.46,2.84,0.0,12.53,0,none,normal
2026-01-31,23,2026-01-31 23:00,4.31,2.73,2.98,3.07,0.0,13.09,0,none,normal
2026-02-01,0,2026-02-01 00:00,0.45,0.37,0.41,0.26,0.0,1.49,0,none,normal
2026-02-01,1,2026-02-01 01:00,0.45,0.37,0.39,0.26,0.0,1.47,0,none,normal
2026-02-01,2,2026-02-01 02:00,0.47,0.28,0.4,0.25,0.0,1.4,0,none,normal
2026-02-01,3,2026-02-01 03:00,0.54,0.3,0.41,0.27,0.0,1.52,0,none,normal
2026-02-01,4,2026-02-01 04:00,0.42,0.35,0.39,0.3,0.0,1.46,0,none,normal
2026-02-01,5,2026-02-01 05:00,0.42,0.33,0.38,0.31,0.0,1.44,0,none,normal
2026-02-01,6,2026-02-01 06:00,22.05,16.44,17.01,2.42,8.89,66.81,0,none,normal
2026-02-01,7,2026-02-01 07:00,20.05,12.72,13.72,10.58,9.16,66.23,0,none,normal
2026-02-01,8,2026-02-01 08:00,21.59,13.33,14.69,9.39,0.0,59.0,0,none,normal
2026-02-01,9,2026-02-01 09:00,3.76,2.26,3.03,2.73,0.0,11.78,0,none,normal
2026-02-01,10,2026-02-01 10:00,3.98,2.84,2.95,2.86,0.0,12.63,0,none,normal
2026-02-01,11,2026-02-01 11:00,4.33,2.33,3.13,2.54,0.0,12.33,0,none,normal
2026-02-01,12,2026-02-01 12:00,4.15,2.59,2.79,8.49,0.0,18.02,0,none,normal
2026-02-01,13,2026-02-01 13:00,3.88,2.35,2.79,8.82,0.0,17.84,0,none,normal
2026-02-01,14,2026-02-01 14:00,4.37,2.36,3.03,3.04,0.0,12.8,0,none,normal
2026-02-01,15,2026-02-01 15:00,4.1,2.54,3.27,2.74,0.0,12.65,0,none,normal
2026-02-01,16,2026-02-01 16:00,3.41,2.25,2.96,2.73,0.0,11.35,0,none,normal
2026-02-01,17,2026-02-01 17:00,3.62,2.84,3.23,2.57,0.0,12.26,0,none,normal
2026-02-01,18,2026-02-01 18:00,4.01,2.65,2.59,8.41,7.92,25.58,0,none,normal
2026-02-01,19,2026-02-01 19:00,15.7,10.74,14.13,10.15,7.96,58.68,0,none,normal
2026-02-01,20,2026-02-01 20:00,19.52,13.64,12.81,9.32,0.0,55.29,0,none,normal
2026-02-01,21,2026-02-01 21:00,15.04,10.45,13.84,2.69,0.0,42.02,0,none,normal
2026-02-01,22,2026-02-01 22:00,3.41,2.76,2.53,2.8,0.0,11.5,0,none,normal
2026-02-01,23,2026-02-01 23:00,3.63,2.6,2.98,2.54,0.0,11.75,0,none,normal
2026-02-02,0,2026-02-02 00:00,0.41,0.26,0.28,0.22,0.0,1.17,0,none,normal
2026-02-02,1,2026-02-02 01:00,0.37,0.25,0.32,0.22,0.0,1.16,0,none,normal
2026-02-02,2,2026-02-02 02:00,0.36,0.29,0.33,0.22,0.0,1.2,0,none,normal
2026-02-02,3,2026-02-02 03:00,0.38,0.28,0.27,0.23,0.0,1.16,0,none,normal
2026-02-02,4,2026-02-02 04:00,0.44,0.25,0.3,0.21,0.0,1.2,0,none,normal
2026-02-02,5,2026-02-02 05:00,0.35,0.24,0.26,0.23,0.0,1.08,0,none,normal
2026-02-02,6,2026-02-02 06:00,18.03,11.76,13.56,2.52,7.62,53.49,0,none,normal
2026-02-02,7,2026-02-02 07:00,17.83,13.91,13.09,8.77,7.2,60.8,0,none,normal
2026-02-02,8,2026-02-02 08:00,16.14,13.09,14.12,7.59,0.0,50.94,0,none,normal
2026-02-02,9,2026-02-02 09:00,3.21,2.13,2.4,2.36,0.0,10.1,0,none,normal
2026-02-02,10,2026-02-02 10:00,3.49,2.28,2.16,2.26,0.0,10.19,0,none,normal
2026-02-02,11,2026-02-02 11:00,2.89,2.5,2.51,2.57,0.0,10.47,0,none,normal
2026-02-02,12,2026-02-02 12:00,3.18,2.11,2.2,6.72,0.0,14.21,0,none,normal
2026-02-02,13,2026-02-02 13:00,3.07,1.9,2.19,7.58,0.0,14.74,0,none,normal
2026-02-02,14,2026-02-02 14:00,3.17,2.17,2.07,2.57,0.0,9.98,0,none,normal
2026-02-02,15,2026-02-02 15:00,3.4,2.21,2.64,2.48,0.0,10.73,0,none,normal
2026-02-02,16,2026-02-02 16:00,3.24,1.98,2.51,2.16,0.0,9.89,0,none,normal
2026-02-02,17,2026-02-02 17:00,3.52,2.21,2.31,2.52,0.0,10.56,0,none,normal
2026-02-02,18,2026-02-02 18:00,3.06,2.44,2.39,7.61,6.19,21.69,0,none,normal
2026-02-02,19,2026-02-02 19:00,14.41,8.83,9.72,6.68,6.26,45.9,0,none,normal
2026-02-02,20,2026-02-02 20:00,13.15,8.97,10.35,8.15,0.0,40.62,0,none,normal
2026-02-02,21,2026-02-02 21:00,13.24,10.82,11.51,2.24,0.0,37.81,0,none,normal
2026-02-02,22,2026-02-02 22:00,2.92,1.98,2.64,1.93,0.0,9.47,0,none,normal
2026-02-02,23,2026-02-02 23:00,3.27,1.98,2.49,1.94,0.0,9.68,0,none,normal
2026-02-03,0,2026-02-03 00:00,0.35,0.26,0.27,0.26,0.0,1.14,0,none,normal
2026-02-03,1,2026-02-03 01:00,0.41,0.24,0.32,0.24,0.0,1.21,0,none,normal
2026-02-03,2,2026-02-03 02:00,0.35,0.27,0.34,0.25,0.0,1.21,0,none,normal
2026-02-03,3,2026-02-03 03:00,0.44,0.28,0.33,0.25,0.0,1.3,0,none,normal
2026-02-03,4,2026-02-03 04:00,0.42,0.26,0.32,0.21,0.0,1.21,0,none,normal
2026-02-03,5,2026-02-03 05:00,0.41,0.25,0.29,0.2,0.0,1.15,0,none,normal
2026-02-03,6,2026-02-03 06:00,19.5,12.12,12.88,2.01,6.59,53.1,0,none,normal
2026-02-03,7,2026-02-03 07:00,17.47,12.52,11.37,8.79,7.51,57.66,0,none,normal
2026-02-03,8,2026-02-03 08:00,15.58,12.04,11.74,8.35,0.0,47.71,0,none,normal
2026-02-03,9,2026-02-03 09:00,3.58,2.38,2.51,2.26,0.0,10.73,0,none,normal
2026-02-03,10,2026-02-03 10:00,2.76,2.22,2.21,2.45,0.0,9.64,0,none,normal
2026-02-03,11,2026-02-03 11:00,3.09,2.26,2.57,2.43,0.0,10.35,0,none,normal
2026-02-03,12,2026-02-03 12:00,2.81,1.96,2.38,6.21,0.0,13.36,0,none,normal
2026-02-03,13,2026-02-03 13:00,2.99,2.45,2.33,6.12,0.0,13.89,0,none,normal
2026-02-03,14,2026-02-03 14:00,3.48,2.25,2.12,1.92,0.0,9.77,0,none,normal
2026-02-03,15,2026-02-03 15:00,3.38,2.08,2.3,2.02,0.0,9.78,0,none,normal
2026-02-03,16,2026-02-03 16:00,2.96,2.43,2.34,2.16,0.0,9.89,0,none,normal
2026-02-03,17,2026-02-03 17:00,3.37,2.37,2.34,2.44,0.0,10.52,0,none,normal
2026-02-03,18,2026-02-03 18:00,3.08,2.24,2.22,7.21,5.72,20.47,0,none,normal
2026-02-03,19,2026-02-03 19:00,15.29,10.6,11.95,8.02,6.45,52.31,0,none,normal
2026-02-03,20,2026-02-03 20:00,14.17,10.49,9.7,6.99,0.0,41.35,0,none,normal
2026-02-03,21,2026-02-03 21:00,13.7,10.05,11.44,2.39,0.0,37.58,0,none,normal
2026-02-03,22,2026-02-03 22:00,3.65,1.87,2.11,2.01,0.0,9.64,0,none,normal
2026-02-03,23,2026-02-03 23:00,3.14,1.91,2.2,1.97,0.0,9.22,0,none,normal
2026-02-04,0,2026-02-04 00:00,0.39,0.31,0.31,0.23,0.0,1.24,0,none,normal
2026-02-04,1,2026-02-04 01:00,0.41,0.31,0.33,0.23,0.0,1.28,0,none,normal
2026-02-04,2,2026-02-04 02:00,0.36,0.29,0.33,0.21,0.0,1.19,0,none,normal
2026-02-04,3,2026-02-04 03:00,0.41,0.28,0.28,0.2,0.0,1.17,0,none,normal
2026-02-04,4,2026-02-04 04:00,0.37,0.23,0.27,0.26,0.0,1.13,0,none,normal
2026-02-04,5,2026-02-04 05:00,0.38,0.27,0.31,0.23,0.0,1.19,0,none,normal
2026-02-04,6,2026-02-04 06:00,15.32,10.61,12.35,2.47,8.43,49.18,0,none,normal
2026-02-04,7,2026-02-04 07:00,16.8,13.78,12.31,8.36,6.81,58.06,0,none,normal
2026-02-04,8,2026-02-04 08:00,19.87,12.37,12.25,7.87,0.0,52.36,0,none,normal
2026-02-04,9,2026-02-04 09:00,2.79,2.06,2.72,2.45,0.0,10.02,0,none,normal
2026-02-04,10,2026-02-04 10:00,3.56,2.41,2.45,2.38,0.0,10.8,0,none,normal
2026-02-04,11,2026-02-04 11:00,3.26,2.38,2.59,2.56,0.0,10.79,0,none,normal
2026-02-04,12,2026-02-04 12:00,3.16,2.26,2.06,5.97,0.0,13.45,0,none,normal
2026-02-04,13,2026-02-04 13:00,3.33,2.53,2.53,6.2,0.0,14.59,0,none,normal
2026-02-04,14,2026-02-04 14:00,3.64,2.21,2.05,2.47,0.0,10.37,0,none,normal
2026-02-04,15,2026-02-04 15:00,2.81,2.31,2.63,1.96,0.0,9.71,0,none,normal
2026-02-04,16,2026-02-04 16:00,3.18,2.1,2.68,2.09,0.0,10.05,0,none,normal
2026-02-04,17,2026-02-04 17:00,3.38,2.47,2.4,2.05,0.0,10.3,0,none,normal
2026-02-04,18,2026-02-04 18:00,3.56,2.01,2.19,7.08,6.21,21.05,0,none,normal
2026-02-04,19,2026-02-04 19:00,12.91,8.73,12.16,8.05,6.29,48.14,0,none,normal
2026-02-04,20,2026-02-04 20:00,14.89,10.68,10.93,6.6,0.0,43.1,0,none,normal
2026-02-04,21,2026-02-04 21:00,14.92,9.88,12.37,2.52,0.0,39.69,0,none,normal
2026-02-04,22,2026-02-04 22:00,3.19,2.52,2.7,2.1,0.0,10.51,0,none,normal
2026-02-04,23,2026-02-04 23:00,3.27,1.91,2.62,2.24,0.0,10.04,0,none,normal
2026-02-05,0,2026-02-05 00:00,0.4,0.27,0.32,0.2,0.0,1.19,0,none,normal
2026-02-05,1,2026-02-05 01:00,0.42,0.27,0.32,0.19,0.0,1.2,0,none,normal
2026-02-05,2,2026-02-05 02:00,0.41,0.26,0.31,0.21,0.0,1.19,0,none,normal
2026-02-05,3,2026-02-05 03:00,0.37,0.27,0.31,0.22,0.0,1.17,0,none,normal
2026-02-05,4,2026-02-05 04:00,0.37,0.29,0.29,0.25,0.0,1.2,0,none,normal
2026-02-05,5,2026-02-05 05:00,0.36,0.24,0.31,0.21,0.0,1.12,0,none,normal
2026-02-05,6,2026-02-05 06:00,16.39,11.14,12.93,2.17,6.7,49.33,0,none,normal
2026-02-05,7,2026-02-05 07:00,20.02,10.83,14.41,7.31,7.5,60.07,0,none,normal
2026-02-05,8,2026-02-05 08:00,20.22,13.37,13.27,8.64,0.0,55.5,0,none,normal
2026-02-05,9,2026-02-05 09:00,3.01,2.24,2.45,2.18,0.0,9.88,0,none,normal
2026-02-05,10,2026-02-05 10:00,2.78,2.41,2.38,2.34,0.0,9.91,0,none,normal
2026-02-05,11,2026-02-05 11:00,3.04,2.11,2.44,2.54,0.0,10.13,0,none,normal
2026-02-05,12,2026-02-05 12:00,2.74,1.95,2.66,7.69,0.0,15.04,0,none,normal
2026-02-05,13,2026-02-05 13:00,3.27,2.3,2.17,7.32,0.0,15.06,0,none,normal
2026-02-05,14,2026-02-05 14:00,3.37,2.19,2.57,2.51,0.0,10.64,0,none,normal
2026-02-05,15,2026-02-05 15:00,3.0,2.29,2.14,2.03,0.0,9.46,0,none,normal
2026-02-05,16,2026-02-05 16:00,3.04,2.29,2.45,2.49,0.0,10.27,0,none,normal
2026-02-05,17,2026-02-05 17:00,2.88,2.02,2.27,2.11,0.0,9.28,0,none,normal
2026-02-05,18,2026-02-05 18:00,3.34,2.05,2.36,8.48,5.75,21.98,0,none,normal
2026-02-05,19,2026-02-05 19:00,14.78,11.28,10.52,6.92,5.14,48.64,0,none,normal
2026-02-05,20,2026-02-05 20:00,15.38,10.38,12.23,8.11,0.0,46.1,0,none,normal
2026-02-05,21,2026-02-05 21:00,12.96,8.72,9.39,2.51,0.0,33.58,0,none,normal
2026-02-05,22,2026-02-05 22:00,2.75,2.13,2.59,1.97,0.0,9.44,0,none,normal
2026-02-05,23,2026-02-05 23:00,2.87,2.3,2.68,2.12,0.0,9.97,0,none,normal
2026-02-06,0,2026-02-06 00:00,0.37,0.29,0.27,0.25,0.0,1.18,0,none,normal
2026-02-06,1,2026-02-06 01:00,0.42,0.3,0.28,0.22,0.0,1.22,0,none,normal
2026-02-06,2,2026-02-06 02:00,0.4,0.26,0.3,0.26,0.0,1.22,0,none,normal
2026-02-06,3,2026-02-06 03:00,0.36,0.28,0.31,0.23,0.0,1.18,0,none,normal
2026-02-06,4,2026-02-06 04:00,0.4,0.29,0.28,0.21,0.0,1.18,0,none,normal
2026-02-06,5,2026-02-06 05:00,0.44,0.27,0.29,0.21,0.0,1.21,0,none,normal
2026-02-06,6,2026-02-06 06:00,14.96,13.24,14.58,2.14,7.43,52.35,0,none,normal
2026-02-06,7,2026-02-06 07:00,15.0,13.63,14.97,8.04,6.4,58.04,0,none,normal
2026-02-06,8,2026-02-06 08:00,17.23,11.35,12.14,6.9,0.0,47.62,0,none,normal
2026-02-06,9,2026-02-06 09:00,3.12,2.24,2.32,2.02,0.0,9.7,0,none,normal
2026-02-06,10,2026-02-06 10:00,3.09,2.12,2.23,2.2,0.0,9.64,0,none,normal
2026-02-06,11,2026-02-06 11:00,3.45,2.47,2.62,2.37,0.0,10.91,0,none,normal
2026-02-06,12,2026-02-06 12:00,3.43,2.4,2.34,7.47,0.0,15.64,0,none,normal
2026-02-06,13,2026-02-06 13:00,3.0,2.29,2.48,6.29,0.0,14.06,0,none,normal
2026-02-06,14,2026-02-06 14:00,2.9,1.88,2.08,2.27,0.0,9.13,0,none,normal
2026-02-06,15,2026-02-06 15:00,2.82,2.05,2.55,2.4,0.0,9.82,0,none,normal
2026-02-06,16,2026-02-06 16:00,2.86,2.2,2.29,2.12,0.0,9.47,0,none,normal
2026-02-06,17,2026-02-06 17:00,3.68,2.18,2.61,2.14,0.0,10.61,0,none,normal
2026-02-06,18,2026-02-06 18:00,3.63,1.91,2.6,6.67,5.95,20.76,0,none,normal
2026-02-06,19,2026-02-06 19:00,13.07,10.91,11.83,8.4,5.32,49.53,0,none,normal
2026-02-06,20,2026-02-06 20:00,15.56,9.15,11.68,7.52,0.0,43.91,0,none,normal
2026-02-06,21,2026-02-06 21:00,12.38,9.78,11.68,2.26,0.0,36.1,0,none,normal
2026-02-06,22,2026-02-06 22:00,3.17,2.32,2.26,2.13,0.0,9.88,0,none,normal
2026-02-06,23,2026-02-06 23:00,2.76,2.49,2.42,2.08,0.0,9.75,0,none,normal
2026-02-07,0,2026-02-07 00:00,0.44,0.37,0.4,0.25,0.0,1.46,0,none,normal
2026-02-07,1,2026-02-07 01:00,0.5,0.31,0.32,0.25,0.0,1.38,0,none,normal
2026-02-07,2,2026-02-07 02:00,0.52,0.28,0.31,0.29,0.0,1.4,0,none,normal
2026-02-07,3,2026-02-07 03:00,0.49,0.32,0.32,0.24,0.0,1.37,0,none,normal
2026-02-07,4,2026-02-07 04:00,0.5,0.37,0.41,0.28,0.0,1.56,0,none,normal
2026-02-07,5,2026-02-07 05:00,0.5,0.35,0.39,0.24,0.0,1.48,0,none,normal
2026-02-07,6,2026-02-07 06:00,24.17,15.78,17.06,2.95,8.83,68.79,0,none,normal
2026-02-07,7,2026-02-07 07:00,19.17,15.34,15.17,8.65,10.08,68.41,0,none,normal
2026-02-07,8,2026-02-07 08:00,21.03,14.25,14.86,10.29,0.0,60.43,0,none,normal
2026-02-07,9,2026-02-07 09:00,3.48,2.52,3.08,2.52,0.0,11.6,0,none,normal
2026-02-07,10,2026-02-07 10:00,4.32,2.68,2.51,2.42,0.0,11.93,0,none,normal
2026-02-07,11,2026-02-07 11:00,3.57,2.53,2.45,2.81,0.0,11.36,0,none,normal
2026-02-07,12,2026-02-07 12:00,3.48,2.26,3.19,8.77,0.0,17.7,0,none,normal
2026-02-07,13,2026-02-07 13:00,4.09,2.77,2.91,7.83,0.0,17.6,0,none,normal
2026-02-07,14,2026-02-07 14:00,3.84,2.68,2.98,2.56,0.0,12.06,0,none,normal
2026-02-07,15,2026-02-07 15:00,3.39,2.66,2.51,2.97,0.0,11.53,0,none,normal
2026-02-07,16,2026-02-07 16:00,4.27,2.4,2.87,2.37,0.0,11.91,0,none,normal
2026-02-07,17,2026-02-07 17:00,4.23,2.77,2.9,2.86,0.0,12.76,0,none,normal
2026-02-07,18,2026-02-07 18:00,3.69,2.72,2.51,10.36,6.57,25.85,0,none,normal
2026-02-07,19,2026-02-07 19:00,17.24,13.27,11.33,10.01,6.25,58.1,0,none,normal
2026-02-07,20,2026-02-07 20:00,17.58,13.44,12.63,8.82,0.0,52.47,0,none,normal
2026-02-07,21,2026-02-07 21:00,18.96,11.05,11.17,2.35,0.0,43.53,0,none,normal
2026-02-07,22,2026-02-07 22:00,4.35,3.0,2.53,2.88,0.0,12.76,0,none,normal
2026-02-07,23,2026-02-07 23:00,3.48,2.66,2.66,2.8,0.0,11.6,0,none,normal
2026-02-08,0,2026-02-08 00:00,0.52,0.32,0.32,0.28,0.0,1.44,0,none,normal
2026-02-08,1,2026-02-08 01:00,0.47,0.35,0.4,0.24,0.0,1.46,0,none,normal
2026-02-08,2,2026-02-08 02:00,0.47,0.31,0.32,0.31,0.0,1.41,0,none,normal
2026-02-08,3,2026-02-08 03:00,0.46,0.31,0.41,0.26,0.0,1.44,0,none,normal
2026-02-08,4,2026-02-08 04:00,0.52,0.32,0.38,0.28,0.0,1.5,0,none,normal
2026-02-08,5,2026-02-08 05:00,0.44,0.36,0.41,0.25,0.0,1.46,0,none,normal
2026-02-08,6,2026-02-08 06:00,20.79,14.07,16.92,3.09,9.26,64.13,0,none,normal
2026-02-08,7,2026-02-08 07:00,21.23,16.67,14.9,9.14,8.25,70.19,0,none,normal
2026-02-08,8,2026-02-08 08:00,23.37,12.44,17.37,10.27,0.0,63.45,0,none,normal
2026-02-08,9,2026-02-08 09:00,3.9,2.68,3.25,2.42,0.0,12.25,0,none,normal
2026-02-08,10,2026-02-08 10:00,3.67,2.35,2.77,2.77,0.0,11.56,0,none,normal
2026-02-08,11,2026-02-08 11:00,4.2,2.32,2.79,3.04,0.0,12.35,0,none,normal
2026-02-08,12,2026-02-08 12:00,4.1,2.87,2.6,8.89,0.0,18.46,0,none,normal
2026-02-08,13,2026-02-08 13:00,3.93,2.96,2.96,7.61,0.0,17.46,0,none,normal
2026-02-08,14,2026-02-08 14:00,3.93,2.31,2.5,2.92,0.0,11.66,0,none,normal
2026-02-08,15,2026-02-08 15:00,4.21,2.57,3.2,3.0,0.0,12.98,0,none,normal
2026-02-08,16,2026-02-08 16:00,4.02,2.72,2.46,2.92,0.0,12.12,0,none,normal
2026-02-08,17,2026-02-08 17:00,3.62,2.28,2.91,2.42,0.0,11.23,0,none,normal
2026-02-08,18,2026-02-08 18:00,3.52,2.28,3.08,8.88,7.08,24.84,0,none,normal
2026-02-08,19,2026-02-08 19:00,17.77,11.9,11.88,8.6,6.97,57.12,0,none,normal
2026-02-08,20,2026-02-08 20:00,15.37,10.39,13.24,7.94,0.0,46.94,0,none,normal
2026-02-08,21,2026-02-08 21:00,15.13,11.89,14.02,2.4,0.0,43.44,0,none,normal
2026-02-08,22,2026-02-08 22:00,3.91,2.63,3.01,2.45,0.0,12.0,0,none,normal
2026-02-08,23,2026-02-08 23:00,4.11,2.44,2.51,2.92,0.0,11.98,0,none,normal
2026-02-09,0,2026-02-09 00:00,0.45,0.24,0.32,0.22,0.0,1.23,0,none,normal
2026-02-09,1,2026-02-09 01:00,0.38,0.28,0.26,0.21,0.0,1.13,0,none,normal
2026-02-09,2,2026-02-09 02:00,0.41,0.32,0.29,0.2,0.0,1.22,0,none,normal
2026-02-09,3,2026-02-09 03:00,0.44,0.25,0.29,0.24,0.0,1.22,0,none,normal
2026-02-09,4,2026-02-09 04:00,0.35,0.24,0.34,0.25,0.0,1.18,0,none,normal
2026-02-09,5,2026-02-09 05:00,0.44,0.23,0.32,0.2,0.0,1.19,0,none,normal
2026-02-09,6,2026-02-09 06:00,15.08,11.04,13.35,2.05,7.55,49.07,0,none,normal
2026-02-09,7,2026-02-09 07:00,16.33,12.04,14.11,7.23,7.95,57.66,0,none,normal
2026-02-09,8,2026-02-09 08:00,15.06,12.4,13.85,6.99,0.0,48.3,0,none,normal
2026-02-09,9,2026-02-09 09:00,2.99,2.39,2.48,1.95,0.0,9.81,0,none,normal
2026-02-09,10,2026-02-09 10:00,2.73,2.13,2.24,2.49,0.0,9.59,0,none,normal
2026-02-09,11,2026-02-09 11:00,3.55,1.88,2.66,2.35,0.0,10.44,0,none,normal
2026-02-09,12,2026-02-09 12:00,3.09,2.51,2.11,6.38,0.0,14.09,0,none,normal
2026-02-09,13,2026-02-09 13:00,3.23,1.99,2.4,6.66,0.0,14.28,0,none,normal
2026-02-09,14,2026-02-09 14:00,2.74,2.03,2.42,2.14,0.0,9.33,0,none,normal
2026-02-09,15,2026-02-09 15:00,2.87,2.1,2.29,2.33,0.0,9.59,0,none,normal
2026-02-09,16,2026-02-09 16:00,3.66,2.2,2.62,2.33,0.0,10.81,0,none,normal
2026-02-09,17,2026-02-09 17:00,3.57,2.41,2.06,2.29,0.0,10.33,0,none,normal
2026-02-09,18,2026-02-09 18:00,2.87,2.46,2.51,6.7,5.79,20.33,0,none,normal
2026-02-09,19,2026-02-09 19:00,16.39,10.23,11.21,7.02,5.53,50.38,0,none,normal
2026-02-09,20,2026-02-09 20:00,12.9,11.3,12.13,7.26,0.0,43.59,0,none,normal
2026-02-09,21,2026-02-09 21:00,13.13,8.83,10.93,2.45,0.0,35.34,0,none,normal
2026-02-09,22,2026-02-09 22:00,3.02,2.34,2.42,2.0,0.0,9.78,0,none,normal
2026-02-09,23,2026-02-09 23:00,3.66,1.97,2.71,2.53,0.0,10.87,0,none,normal
2026-02-10,0,2026-02-10 00:00,0.41,0.31,0.27,0.21,0.0,1.2,0,none,normal
2026-02-10,1,2026-02-10 01:00,0.43,0.3,0.33,0.22,0.0,1.28,0,none,normal
2026-02-10,2,2026-02-10 02:00,0.39,45.31,0.34,0.25,0.0,46.29,1,laundry,HIGH
2026-02-10,3,2026-02-10 03:00,0.43,0.24,0.27,0.24,0.0,1.18,0,none,normal
2026-02-10,4,2026-02-10 04:00,0.37,0.28,0.28,0.21,0.0,1.14,0,none,normal
2026-02-10,5,2026-02-10 05:00,0.38,0.29,0.3,0.23,0.0,1.2,0,none,normal
2026-02-10,6,2026-02-10 06:00,18.72,11.64,14.59,2.24,6.68,53.87,0,none,normal
2026-02-10,7,2026-02-10 07:00,15.98,10.4,14.25,6.92,6.98,54.53,0,none,normal
2026-02-10,8,2026-02-10 08:00,17.14,12.98,15.13,8.73,0.0,53.98,0,none,normal
2026-02-10,9,2026-02-10 09:00,3.61,2.52,2.66,2.24,0.0,11.03,0,none,normal
2026-02-10,10,2026-02-10 10:00,3.16,2.03,2.33,1.94,0.0,9.46,0,none,normal
2026-02-10,11,2026-02-10 11:00,3.09,2.08,2.48,2.41,0.0,10.06,0,none,normal
2026-02-10,12,2026-02-10 12:00,3.22,2.45,2.61,6.79,0.0,15.07,0,none,normal
2026-02-10,13,2026-02-10 13:00,3.51,1.9,2.76,6.79,0.0,14.96,0,none,normal
2026-02-10,14,2026-02-10 14:00,3.43,2.24,2.41,2.34,0.0,10.42,0,none,normal
2026-02-10,15,2026-02-10 15:00,3.0,2.13,2.26,2.47,0.0,9.86,0,none,normal
2026-02-10,16,2026-02-10 16:00,3.13,2.27,2.08,2.26,0.0,9.74,0,none,normal
2026-02-10,17,2026-02-10 17:00,3.52,2.17,2.56,1.99,0.0,10.24,0,none,normal
2026-02-10,18,2026-02-10 18:00,3.62,2.33,2.14,7.45,5.91,21.45,0,none,normal
2026-02-10,19,2026-02-10 19:00,13.01,10.17,11.49,6.97,5.92,47.56,0,none,normal
2026-02-10,20,2026-02-10 20:00,13.32,10.47,12.12,8.33,0.0,44.24,0,none,normal
2026-02-10,21,2026-02-10 21:00,12.77,8.75,10.64,2.16,0.0,34.32,0,none,normal
2026-02-10,22,2026-02-10 22:00,3.09,2.39,2.41,2.55,0.0,10.44,0,none,normal
2026-02-10,23,2026-02-10 23:00,3.09,2.38,2.7,2.29,0.0,10.46,0,none,normal
2026-02-11,0,2026-02-11 00:00,0.36,0.31,0.27,0.24,0.0,1.18,0,none,normal
2026-02-11,1,2026-02-11 01:00,0.38,0.3,0.3,0.23,0.0,1.21,0,none,normal
2026-02-11,2,2026-02-11 02:00,0.36,0.25,0.31,0.21,0.0,1.13,0,none,normal
2026-02-11,3,2026-02-11 03:00,0.44,0.28,0.26,0.25,0.0,1.23,0,none,normal
2026-02-11,4,2026-02-11 04:00,0.41,0.27,0.29,0.2,0.0,1.17,0,none,normal
2026-02-11,5,2026-02-11 05:00,0.37,0.28,0.31,0.23,0.0,1.19,0,none,normal
2026-02-11,6,2026-02-11 06:00,15.22,10.82,13.81,1.94,8.3,50.09,0,none,normal
2026-02-11,7,2026-02-11 07:00,18.48,13.33,12.4,9.12,6.49,59.82,0,none,normal
2026-02-11,8,2026-02-11 08:00,17.16,10.93,13.88,8.37,0.0,50.34,0,none,normal
2026-02-11,9,2026-02-11 09:00,3.29,2.39,2.17,2.22,0.0,10.07,0,none,normal
2026-02-11,10,2026-02-11 10:00,3.61,1.93,2.26,2.16,0.0,9.96,0,none,normal
2026-02-11,11,2026-02-11 11:00,2.78,2.15,2.44,2.11,0.0,9.48,0,none,normal
2026-02-11,12,2026-02-11 12:00,3.39,2.05,2.42,6.8,0.0,14.66,0,none,normal
2026-02-11,13,2026-02-11 13:00,3.31,1.94,2.57,7.01,0.0,14.83,0,none,normal
2026-02-11,14,2026-02-11 14:00,3.18,2.32,2.71,2.58,0.0,10.79,0,none,normal
2026-02-11,15,2026-02-11 15:00,3.3,2.08,2.42,2.58,0.0,10.38,0,none,normal
2026-02-11,16,2026-02-11 16:00,2.84,2.24,2.41,2.34,0.0,9.83,0,none,normal
2026-02-11,17,2026-02-11 17:00,2.89,2.27,2.55,2.57,0.0,10.28,0,none,normal
2026-02-11,18,2026-02-11 18:00,2.74,2.28,2.12,8.45,6.54,22.13,0,none,normal
2026-02-11,19,2026-02-11 19:00,16.56,9.64,10.26,7.79,6.25,50.5,0,none,normal
2026-02-11,20,2026-02-11 20:00,12.29,9.01,10.09,8.32,0.0,39.71,0,none,normal
2026-02-11,21,2026-02-11 21:00,14.43,9.38,9.2,2.38,0.0,35.39,0,none,normal
2026-02-11,22,2026-02-11 22:00,3.42,2.28,2.06,2.03,0.0,9.79,0,none,normal
2026-02-11,23,2026-02-11 23:00,3.04,2.31,2.7,2.45,0.0,10.5,0,none,normal
2026-02-12,0,2026-02-12 00:00,0.4,0.29,0.34,0.23,0.0,1.26,0,none,normal
2026-02-12,1,2026-02-12 01:00,0.43,0.27,0.32,0.25,0.0,1.27,0,none,normal
2026-02-12,2,2026-02-12 02:00,0.43,0.26,0.3,0.21,0.0,1.2,0,none,normal
2026-02-12,3,2026-02-12 03:00,0.44,0.31,0.29,0.26,0.0,1.3,0,none,normal
2026-02-12,4,2026-02-12 04:00,0.34,0.31,0.31,0.25,0.0,1.21,0,none,normal
2026-02-12,5,2026-02-12 05:00,0.39,0.28,0.33,0.24,0.0,1.24,0,none,normal
2026-02-12,6,2026-02-12 06:00,16.62,10.4,12.86,2.25,6.91,49.04,0,none,normal
2026-02-12,7,2026-02-12 07:00,17.35,13.74,12.08,7.62,6.63,57.42,0,none,normal
2026-02-12,8,2026-02-12 08:00,19.1,13.11,14.84,7.96,0.0,55.01,0,none,normal
2026-02-12,9,2026-02-12 09:00,3.18,2.2,2.18,2.54,0.0,10.1,0,none,normal
2026-02-12,10,2026-02-12 10:00,3.22,2.38,2.14,2.5,0.0,10.24,0,none,normal
2026-02-12,11,2026-02-12 11:00,3.62,2.32,2.14,2.4,0.0,10.48,0,none,normal
2026-02-12,12,2026-02-12 12:00,3.41,2.21,2.04,7.63,0.0,15.29,0,none,normal
2026-02-12,13,2026-02-12 13:00,3.29,1.93,2.38,5.83,0.0,13.43,0,none,normal
2026-02-12,14,2026-02-12 14:00,3.35,2.08,2.46,2.12,0.0,10.01,0,none,normal
2026-02-12,15,2026-02-12 15:00,3.03,2.0,2.24,2.13,0.0,9.4,0,none,normal
2026-02-12,16,2026-02-12 16:00,2.83,1.97,2.24,1.92,0.0,8.96,0,none,normal
2026-02-12,17,2026-02-12 17:00,3.21,2.01,2.29,2.13,0.0,9.64,0,none,normal
2026-02-12,18,2026-02-12 18:00,3.4,2.06,2.22,6.67,6.2,20.55,0,none,normal
2026-02-12,19,2026-02-12 19:00,13.7,9.73,9.6,7.58,6.32,46.93,0,none,normal
2026-02-12,20,2026-02-12 20:00,12.7,8.57,10.56,6.91,0.0,38.74,0,none,normal
2026-02-12,21,2026-02-12 21:00,14.8,10.9,11.45,2.33,0.0,39.48,0,none,normal
2026-02-12,22,2026-02-12 22:00,3.5,2.34,2.52,2.27,0.0,10.63,0,none,normal
2026-02-12,23,2026-02-12 23:00,3.45,2.18,2.13,2.46,0.0,10.22,0,none,normal
2026-02-13,0,2026-02-13 00:00,0.4,0.27,0.32,0.24,0.0,1.23,0,none,normal
2026-02-13,1,2026-02-13 01:00,0.37,0.25,0.33,0.23,0.0,1.18,0,none,normal
2026-02-13,2,2026-02-13 02:00,0.39,0.29,0.31,0.24,0.0,1.23,0,none,normal
2026-02-13,3,2026-02-13 03:00,0.39,0.24,0.3,0.21,0.0,1.14,0,none,normal
2026-02-13,4,2026-02-13 04:00,0.36,0.3,0.31,0.2,0.0,1.17,0,none,normal
2026-02-13,5,2026-02-13 05:00,0.44,0.3,0.28,0.24,0.0,1.26,0,none,normal
2026-02-13,6,2026-02-13 06:00,17.77,11.74,12.86,2.33,7.61,52.31,0,none,normal
2026-02-13,7,2026-02-13 07:00,20.1,11.68,12.57,8.86,7.7,60.91,0,none,normal
2026-02-13,8,2026-02-13 08:00,19.1,11.87,14.34,8.21,0.0,53.52,0,none,normal
2026-02-13,9,2026-02-13 09:00,3.36,1.92,2.71,2.3,0.0,10.29,0,none,normal
2026-02-13,10,2026-02-13 10:00,3.29,2.18,2.44,2.47,0.0,10.38,0,none,normal
2026-02-13,11,2026-02-13 11:00,3.64,1.92,2.12,2.46,0.0,10.14,0,none,normal
2026-02-13,12,2026-02-13 12:00,3.08,2.2,2.52,5.92,0.0,13.72,0,none,normal
2026-02-13,13,2026-02-13 13:00,3.57,2.47,2.5,5.74,0.0,14.28,0,none,normal
2026-02-13,14,2026-02-13 14:00,2.86,2.22,2.32,2.3,0.0,9.7,0,none,normal
2026-02-13,15,2026-02-13 15:00,3.37,2.08,2.45,2.53,0.0,10.43,0,none,normal
2026-02-13,16,2026-02-13 16:00,3.63,2.16,2.75,2.14,0.0,10.68,0,none,normal
2026-02-13,17,2026-02-13 17:00,2.73,2.52,2.33,2.0,0.0,9.58,0,none,normal
2026-02-13,18,2026-02-13 18:00,3.07,2.23,2.08,8.12,6.58,22.08,0,none,normal
2026-02-13,19,2026-02-13 19:00,13.79,10.97,11.98,7.04,6.36,50.14,0,none,normal
2026-02-13,20,2026-02-13 20:00,13.94,9.36,10.42,7.38,0.0,41.1,0,none,normal
2026-02-13,21,2026-02-13 21:00,15.1,9.83,9.79,2.17,0.0,36.89,0,none,normal
2026-02-13,22,2026-02-13 22:00,3.53,1.97,2.76,2.36,0.0,10.62,0,none,normal
2026-02-13,23,2026-02-13 23:00,2.79,1.88,2.56,2.24,0.0,9.47,0,none,normal
2026-02-14,0,2026-02-14 00:00,0.55,0.29,0.38,0.26,0.0,1.48,0,none,normal
2026-02-14,1,2026-02-14 01:00,0.52,0.34,0.35,0.24,0.0,1.45,0,none,normal
2026-02-14,2,2026-02-14 02:00,0.49,0.33,0.34,0.24,0.0,1.4,0,none,normal
2026-02-14,3,2026-02-14 03:00,0.49,0.36,0.33,0.27,0.0,1.45,0,none,normal
2026-02-14,4,2026-02-14 04:00,0.49,0.32,0.41,0.28,0.0,1.5,0,none,normal
2026-02-14,5,2026-02-14 05:00,0.42,0.33,0.38,0.24,0.0,1.37,0,none,normal
2026-02-14,6,2026-02-14 06:00,24.18,16.63,17.17,2.67,7.86,68.51,0,none,normal
2026-02-14,7,2026-02-14 07:00,23.59,12.73,15.71,10.42,10.24,72.69,0,none,normal
2026-02-14,8,2026-02-14 08:00,18.45,15.1,17.26,9.17,0.0,59.98,0,none,normal
2026-02-14,9,2026-02-14 09:00,3.66,2.86,2.85,2.71,0.0,12.08,0,none,normal
2026-02-14,10,2026-02-14 10:00,4.11,2.58,3.28,2.94,0.0,12.91,0,none,normal
2026-02-14,11,2026-02-14 11:00,3.3,2.97,3.1,2.88,0.0,12.25,0,none,normal
2026-02-14,12,2026-02-14 12:00,3.33,2.62,2.59,7.01,0.0,15.55,0,none,normal
2026-02-14,13,2026-02-14 13:00,4.2,2.74,2.7,7.09,0.0,16.73,0,none,normal
2026-02-14,14,2026-02-14 14:00,4.24,2.46,2.56,2.52,0.0,11.78,0,none,normal
2026-02-14,15,2026-02-14 15:00,3.28,2.33,2.6,2.77,0.0,10.98,0,none,normal
2026-02-14,16,2026-02-14 16:00,3.78,2.88,2.67,2.86,0.0,12.19,0,none,normal
2026-02-14,17,2026-02-14 17:00,4.18,2.93,2.74,2.36,0.0,12.21,0,none,normal
2026-02-14,18,2026-02-14 18:00,4.34,2.37,2.88,10.54,7.78,27.91,0,none,normal
2026-02-14,19,2026-02-14 19:00,15.92,11.67,13.49,8.38,7.71,57.17,0,none,normal
2026-02-14,20,2026-02-14 20:00,16.48,12.39,13.95,8.12,0.0,50.94,0,none,normal
2026-02-14,21,2026-02-14 21:00,16.76,11.17,13.92,2.9,0.0,44.75,0,none,normal
2026-02-14,22,2026-02-14 22:00,3.7,2.8,2.86,2.41,0.0,11.77,0,none,normal
2026-02-14,23,2026-02-14 23:00,3.28,2.98,2.84,2.84,0.0,11.94,0,none,normal
2026-02-15,0,2026-02-15 00:00,0.51,0.28,0.41,0.28,0.0,1.48,0,none,normal
2026-02-15,1,2026-02-15 01:00,0.47,0.37,0.4,0.26,0.0,1.5,0,none,normal
2026-02-15,2,2026-02-15 02:00,0.42,0.35,0.35,0.29,0.0,1.41,0,none,normal
2026-02-15,3,2026-02-15 03:00,0.51,0.34,0.33,0.26,0.0,1.44,0,none,normal
2026-02-15,4,2026-02-15 04:00,0.43,0.33,0.38,0.3,0.0,1.44,0,none,normal
2026-02-15,5,2026-02-15 05:00,0.42,0.29,0.35,0.25,0.0,1.31,0,none,normal
2026-02-15,6,2026-02-15 06:00,19.18,12.45,13.9,3.06,9.42,58.01,0,none,normal
2026-02-15,7,2026-02-15 07:00,23.25,16.48,16.5,10.33,7.97,74.53,0,none,normal
2026-02-15,8,2026-02-15 08:00,23.38,12.91,16.58,10.89,0.0,63.76,0,none,normal
2026-02-15,9,2026-02-15 09:00,4.38,2.95,3.05,2.5,0.0,12.88,0,none,normal
2026-02-15,10,2026-02-15 10:00,4.34,2.75,3.25,2.52,0.0,12.86,0,none,normal
2026-02-15,11,2026-02-15 11:00,4.3,2.85,2.73,2.43,0.0,12.31,0,none,normal
2026-02-15,12,2026-02-15 12:00,4.16,2.55,2.74,7.03,0.0,16.48,0,none,normal
2026-02-15,13,2026-02-15 13:00,3.57,2.59,2.87,9.14,0.0,18.17,0,none,normal
2026-02-15,14,2026-02-15 14:00,3.47,2.63,2.57,2.92,0.0,11.59,0,none,normal
2026-02-15,15,2026-02-15 15:00,4.01,2.97,3.07,2.38,0.0,12.43,0,none,normal
2026-02-15,16,2026-02-15 16:00,3.92,2.44,2.83,3.02,0.0,12.21,0,none,normal
2026-02-15,17,2026-02-15 17:00,4.0,2.98,3.02,2.51,0.0,12.51,0,none,normal
2026-02-15,18,2026-02-15 18:00,4.31,2.7,2.89,10.39,7.18,27.47,0,none,normal
2026-02-15,19,2026-02-15 19:00,16.95,13.11,14.05,9.97,7.29,61.37,0,none,normal
2026-02-15,20,2026-02-15 20:00,14.71,13.5,14.2,9.13,0.0,51.54,0,none,normal
2026-02-15,21,2026-02-15 21:00,19.54,11.38,13.67,2.62,0.0,47.21,0,none,normal
2026-02-15,22,2026-02-15 22:00,4.37,2.32,2.91,3.07,0.0,12.67,0,none,normal
2026-02-15,23,2026-02-15 23:00,3.79,2.85,3.01,2.44,0.0,12.09,0,none,normal
2026-02-16,0,2026-02-16 00:00,0.39,0.25,0.32,0.25,0.0,1.21,0,none,normal
2026-02-16,1,2026-02-16 01:00,0.38,0.24,0.31,0.24,0.0,1.17,0,none,normal
2026-02-16,2,2026-02-16 02:00,0.36,0.29,0.31,0.22,0.0,1.18,0,none,normal
2026-02-16,3,2026-02-16 03:00,0.4,0.26,0.3,0.25,0.0,1.21,0,none,normal
2026-02-16,4,2026-02-16 04:00,0.46,0.24,0.26,0.24,0.0,1.2,0,none,normal
2026-02-16,5,2026-02-16 05:00,0.35,0.3,0.32,0.22,0.0,1.19,0,none,normal
2026-02-16,6,2026-02-16 06:00,19.58,10.83,13.51,2.54,6.46,52.92,0,none,normal
2026-02-16,7,2026-02-16 07:00,15.71,12.66,13.09,9.12,6.48,57.06,0,none,normal
2026-02-16,8,2026-02-16 08:00,18.66,10.76,11.9,7.01,0.0,48.33,0,none,normal
2026-02-16,9,2026-02-16 09:00,3.48,2.17,2.16,2.31,0.0,10.12,0,none,normal
2026-02-16,10,2026-02-16 10:00,2.82,2.2,2.62,2.06,0.0,9.7,0,none,normal
2026-02-16,11,2026-02-16 11:00,3.13,2.41,2.75,2.37,0.0,10.66,0,none,normal
2026-02-16,12,2026-02-16 12:00,3.66,2.25,2.14,7.43,0.0,15.48,0,none,normal
2026-02-16,13,2026-02-16 13:00,3.45,2.26,2.28,5.98,0.0,13.97,0,none,normal
2026-02-16,14,2026-02-16 14:00,3.12,2.33,2.44,2.21,0.0,10.1,0,none,normal
2026-02-16,15,2026-02-16 15:00,2.76,1.94,2.65,2.33,0.0,9.68,0,none,normal
2026-02-16,16,2026-02-16 16:00,2.74,2.19,2.04,2.03,0.0,9.0,0,none,normal
2026-02-16,17,2026-02-16 17:00,3.35,2.46,2.34,2.46,0.0,10.61,0,none,normal
2026-02-16,18,2026-02-16 18:00,3.38,2.01,2.5,7.7,5.84,21.43,0,none,normal
2026-02-16,19,2026-02-16 19:00,16.29,10.23,9.3,6.92,6.0,48.74,0,none,normal
2026-02-16,20,2026-02-16 20:00,16.35,10.28,11.72,7.3,0.0,45.65,0,none,normal
2026-02-16,21,2026-02-16 21:00,13.26,8.76,10.9,1.98,0.0,34.9,0,none,normal
2026-02-16,22,2026-02-16 22:00,3.45,2.23,2.2,2.43,0.0,10.31,0,none,normal
2026-02-16,23,2026-02-16 23:00,2.99,2.0,2.61,2.38,0.0,9.98,0,none,normal
2026-02-17,0,2026-02-17 00:00,0.4,0.25,0.32,0.19,0.0,1.16,0,none,normal
2026-02-17,1,2026-02-17 01:00,0.37,0.27,0.29,0.25,0.0,1.18,0,none,normal
2026-02-17,2,2026-02-17 02:00,0.35,0.29,0.34,0.2,0.0,1.18,0,none,normal
2026-02-17,3,2026-02-17 03:00,0.4,0.24,0.34,0.24,0.0,1.22,0,none,normal
2026-02-17,4,2026-02-17 04:00,0.38,0.25,0.32,0.21,0.0,1.16,0,none,normal
2026-02-17,5,2026-02-17 05:00,0.38,0.24,0.32,0.25,0.0,1.19,0,none,normal
2026-02-17,6,2026-02-17 06:00,16.13,11.99,13.14,2.51,6.7,50.47,0,none,normal
2026-02-17,7,2026-02-17 07:00,19.86,11.94,12.75,7.22,7.99,59.76,0,none,normal
2026-02-17,8,2026-02-17 08:00,18.3,13.83,12.02,7.19,0.0,51.34,0,none,normal
2026-02-17,9,2026-02-17 09:00,2.78,1.96,2.65,2.22,0.0,9.61,0,none,normal
2026-02-17,10,2026-02-17 10:00,3.05,2.46,2.47,2.45,0.0,10.43,0,none,normal
2026-02-17,11,2026-02-17 11:00,3.31,1.98,2.74,2.49,0.0,10.52,0,none,normal
2026-02-17,12,2026-02-17 12:00,3.54,2.19,2.76,6.94,0.0,15.43,0,none,normal
2026-02-17,13,2026-02-17 13:00,2.99,2.35,2.57,6.24,0.0,14.15,0,none,normal
2026-02-17,14,2026-02-17 14:00,3.28,2.46,2.47,2.01,0.0,10.22,0,none,normal
2026-02-17,15,2026-02-17 15:00,2.72,2.52,2.07,2.23,0.0,9.54,0,none,normal
2026-02-17,16,2026-02-17 16:00,2.75,2.22,2.39,2.45,0.0,9.81,0,none,normal
2026-02-17,17,2026-02-17 17:00,3.15,2.03,2.44,1.92,0.0,9.54,0,none,normal
2026-02-17,18,2026-02-17 18:00,3.63,1.96,2.25,7.99,5.26,21.09,0,none,normal
2026-02-17,19,2026-02-17 19:00,14.31,9.32,11.46,8.47,6.45,50.01,0,none,normal
2026-02-17,20,2026-02-17 20:00,12.35,9.77,11.68,8.51,0.0,42.31,0,none,normal
2026-02-17,21,2026-02-17 21:00,15.65,9.52,10.68,2.34,0.0,38.19,0,none,normal
2026-02-17,22,2026-02-17 22:00,2.79,2.46,2.28,1.93,0.0,9.46,0,none,normal
2026-02-17,23,2026-02-17 23:00,2.98,2.49,2.43,2.45,0.0,10.35,0,none,normal
2026-02-18,0,2026-02-18 00:00,0.35,0.31,0.32,0.19,0.0,1.17,0,none,normal
2026-02-18,1,2026-02-18 01:00,0.42,0.31,0.26,0.22,0.0,1.21,0,none,normal
2026-02-18,2,2026-02-18 02:00,0.38,0.25,0.31,0.2,0.0,1.14,0,none,normal
2026-02-18,3,2026-02-18 03:00,0.36,0.31,0.28,0.2,0.0,1.15,0,none,normal
2026-02-18,4,2026-02-18 04:00,0.45,0.28,0.34,0.21,0.0,1.28,0,none,normal
2026-02-18,5,2026-02-18 05:00,0.37,0.26,0.28,0.24,0.0,1.15,0,none,normal
2026-02-18,6,2026-02-18 06:00,15.29,11.54,13.15,2.27,6.65,48.9,0,none,normal
2026-02-18,7,2026-02-18 07:00,18.71,12.75,13.33,7.6,7.77,60.16,0,none,normal
2026-02-18,8,2026-02-18 08:00,19.18,13.72,14.42,9.17,0.0,56.49,0,none,normal
2026-02-18,9,2026-02-18 09:00,3.58,2.17,2.1,2.52,0.0,10.37,0,none,normal
2026-02-18,10,2026-02-18 10:00,3.64,1.94,2.24,2.38,0.0,10.2,0,none,normal
2026-02-18,11,2026-02-18 11:00,3.56,2.21,2.49,2.11,0.0,10.37,0,none,normal
2026-02-18,12,2026-02-18 12:00,3.24,1.96,2.29,6.64,0.0,14.13,0,none,normal
2026-02-18,13,2026-02-18 13:00,3.0,1.91,2.67,6.21,0.0,13.79,0,none,normal
2026-02-18,14,2026-02-18 14:00,3.34,2.14,2.29,2.35,0.0,10.12,0,none,normal
2026-02-18,15,2026-02-18 15:00,3.29,2.33,2.65,2.21,0.0,10.48,0,none,normal
2026-02-18,16,2026-02-18 16:00,2.85,2.39,2.16,2.09,0.0,9.49,0,none,normal
2026-02-18,17,2026-02-18 17:00,3.65,2.38,2.07,2.15,0.0,10.25,0,none,normal
2026-02-18,18,2026-02-18 18:00,2.88,2.48,2.55,7.16,6.85,21.92,0,none,normal
2026-02-18,19,2026-02-18 19:00,15.87,10.47,11.34,6.85,5.53,50.06,0,none,normal
2026-02-18,20,2026-02-18 20:00,12.42,9.36,9.59,7.1,0.0,38.47,0,none,normal
2026-02-18,21,2026-02-18 21:00,14.67,8.52,10.21,2.14,0.0,35.54,0,none,normal
2026-02-18,22,2026-02-18 22:00,3.24,1.98,2.26,2.53,0.0,10.01,0,none,normal
2026-02-18,23,2026-02-18 23:00,3.2,1.97,2.37,2.13,0.0,9.67,0,none,normal
2026-02-19,0,2026-02-19 00:00,0.43,0.31,0.28,0.24,0.0,1.26,0,none,normal
2026-02-19,1,2026-02-19 01:00,0.37,0.31,0.34,0.23,0.0,1.25,0,none,normal
2026-02-19,2,2026-02-19 02:00,0.41,0.31,0.29,0.24,0.0,1.25,0,none,normal
2026-02-19,3,2026-02-19 03:00,0.45,0.25,0.3,0.21,0.0,1.21,0,none,normal
2026-02-19,4,2026-02-19 04:00,0.44,0.27,0.26,0.19,0.0,1.16,0,none,normal
2026-02-19,5,2026-02-19 05:00,0.41,0.25,0.34,0.21,0.0,1.21,0,none,normal
2026-02-19,6,2026-02-19 06:00,17.8,11.9,13.88,1.97,7.53,53.08,0,none,normal
2026-02-19,7,2026-02-19 07:00,15.99,11.44,13.62,9.18,8.42,58.65,0,none,normal
2026-02-19,8,2026-02-19 08:00,16.87,10.82,14.6,7.78,0.0,50.07,0,none,normal
2026-02-19,9,2026-02-19 09:00,2.99,2.1,2.74,2.5,0.0,10.33,0,none,normal
2026-02-19,10,2026-02-19 10:00,3.42,2.16,2.75,2.45,0.0,10.78,0,none,normal
2026-02-19,11,2026-02-19 11:00,3.49,2.51,2.35,2.52,0.0,10.87,0,none,normal
2026-02-19,12,2026-02-19 12:00,3.28,1.93,2.19,6.7,0.0,14.1,0,none,normal
2026-02-19,13,2026-02-19 13:00,3.67,1.91,2.73,7.27,0.0,15.58,0,none,normal
2026-02-19,14,2026-02-19 14:00,3.11,2.47,2.34,2.29,0.0,10.21,0,none,normal
2026-02-19,15,2026-02-19 15:00,3.45,1.96,2.17,2.17,0.0,9.75,0,none,normal
2026-02-19,16,2026-02-19 16:00,2.76,2.42,2.64,2.12,0.0,9.94,0,none,normal
2026-02-19,17,2026-02-19 17:00,3.16,1.89,2.04,2.09,0.0,9.18,0,none,normal
2026-02-19,18,2026-02-19 18:00,3.52,2.18,2.51,8.55,5.85,22.61,0,none,normal
2026-02-19,19,2026-02-19 19:00,14.36,10.46,9.97,6.78,5.6,47.17,0,none,normal
2026-02-19,20,2026-02-19 20:00,16.54,8.61,11.6,7.84,0.0,44.59,0,none,normal
2026-02-19,21,2026-02-19 21:00,15.99,10.28,10.72,2.38,0.0,39.37,0,none,normal
2026-02-19,22,2026-02-19 22:00,3.21,2.25,2.65,2.02,0.0,10.13,0,none,normal
2026-02-19,23,2026-02-19 23:00,3.03,2.45,2.14,2.02,0.0,9.64,0,none,normal
2026-02-20,0,2026-02-20 00:00,0.39,0.31,0.29,0.21,0.0,1.2,0,none,normal
2026-02-20,1,2026-02-20 01:00,0.45,0.28,0.32,0.2,0.0,1.25,0,none,normal
2026-02-20,2,2026-02-20 02:00,0.43,0.28,0.33,0.25,0.0,1.29,0,none,normal
2026-02-20,3,2026-02-20 03:00,0.38,0.29,0.32,0.2,0.0,1.19,0,none,normal
2026-02-20,4,2026-02-20 04:00,0.44,0.23,0.3,0.22,0.0,1.19,0,none,normal
2026-02-20,5,2026-02-20 05:00,0.38,0.31,0.26,0.2,0.0,1.15,0,none,normal
2026-02-20,6,2026-02-20 06:00,15.95,13.54,13.65,2.47,7.56,53.17,0,none,normal
2026-02-20,7,2026-02-20 07:00,17.77,12.29,14.21,7.16,7.41,58.84,0,none,normal
2026-02-20,8,2026-02-20 08:00,15.36,13.26,14.88,8.05,0.0,51.55,0,none,normal
2026-02-20,9,2026-02-20 09:00,3.07,2.41,2.68,2.32,0.0,10.48,0,none,normal
2026-02-20,10,2026-02-20 10:00,3.05,2.34,2.06,2.46,0.0,9.91,0,none,normal
2026-02-20,11,2026-02-20 11:00,3.54,1.96,2.2,2.0,0.0,9.7,0,none,normal
2026-02-20,12,2026-02-20 12:00,2.8,2.33,2.6,5.89,0.0,13.62,0,none,normal
2026-02-20,13,2026-02-20 13:00,3.45,1.9,2.12,7.34,0.0,14.81,0,none,normal
2026-02-20,14,2026-02-20 14:00,2.78,1.95,2.22,1.96,0.0,8.91,0,none,normal
2026-02-20,15,2026-02-20 15:00,3.44,2.39,2.7,2.05,0.0,10.58,0,none,normal
2026-02-20,16,2026-02-20 16:00,2.9,2.1,2.11,2.48,0.0,9.59,0,none,normal
2026-02-20,17,2026-02-20 17:00,3.63,2.1,2.16,2.25,0.0,10.14,0,none,normal
2026-02-20,18,2026-02-20 18:00,2.95,2.25,2.11,7.83,5.13,20.27,0,none,normal
2026-02-20,19,2026-02-20 19:00,13.18,8.98,10.09,8.57,6.07,46.89,0,none,normal
2026-02-20,20,2026-02-20 20:00,16.45,8.71,9.87,7.66,0.0,42.69,0,none,normal
2026-02-20,21,2026-02-20 21:00,13.82,10.17,10.6,2.56,0.0,37.15,0,none,normal
2026-02-20,22,2026-02-20 22:00,3.06,2.12,2.19,2.07,0.0,9.44,0,none,normal
2026-02-20,23,2026-02-20 23:00,3.67,1.95,2.12,2.0,0.0,9.74,0,none,normal
2026-02-21,0,2026-02-21 00:00,0.51,0.34,0.31,0.26,0.0,1.42,0,none,normal
2026-02-21,1,2026-02-21 01:00,0.45,0.34,0.34,0.31,0.0,1.44,0,none,normal
2026-02-21,2,2026-02-21 02:00,0.49,0.31,0.4,0.24,0.0,1.44,0,none,normal
2026-02-21,3,2026-02-21 03:00,0.53,0.33,0.38,0.24,0.0,1.48,0,none,normal
2026-02-21,4,2026-02-21 04:00,0.48,0.29,0.35,0.28,0.0,1.4,0,none,normal
2026-02-21,5,2026-02-21 05:00,0.43,0.32,0.37,0.24,0.0,1.36,0,none,normal
2026-02-21,6,2026-02-21 06:00,24.15,12.62,18.1,2.57,9.26,66.7,0,none,normal
2026-02-21,7,2026-02-21 07:00,24.23,12.88,17.45,10.38,8.4,73.34,0,none,normal
2026-02-21,8,2026-02-21 08:00,22.47,14.88,14.76,10.56,0.0,62.67,0,none,normal
2026-02-21,9,2026-02-21 09:00,3.73,2.62,2.97,2.62,0.0,11.94,0,none,normal
2026-02-21,10,2026-02-21 10:00,3.59,2.85,2.54,2.5,0.0,11.48,0,none,normal
2026-02-21,11,2026-02-21 11:00,3.99,2.35,2.53,2.34,0.0,11.21,0,none,normal
2026-02-21,12,2026-02-21 12:00,4.05,3.01,2.78,8.54,0.0,18.38,0,none,normal
2026-02-21,13,2026-02-21 13:00,3.98,2.32,2.51,8.71,0.0,17.52,0,none,normal
2026-02-21,14,2026-02-21 14:00,4.18,2.4,3.02,2.69,0.0,12.29,0,none,normal
2026-02-21,15,2026-02-21 15:00,3.66,2.92,2.92,3.07,0.0,12.57,0,none,normal
2026-02-21,16,2026-02-21 16:00,3.76,2.97,2.78,2.55,0.0,12.06,0,none,normal
2026-02-21,17,2026-02-21 17:00,3.79,2.27,2.93,2.99,0.0,11.98,0,none,normal
2026-02-21,18,2026-02-21 18:00,4.08,2.63,2.56,9.77,7.17,26.21,0,none,normal
2026-02-21,19,2026-02-21 19:00,15.26,12.5,13.58,9.69,7.36,58.39,0,none,normal
2026-02-21,20,2026-02-21 20:00,17.16,13.14,12.99,8.88,0.0,52.17,0,none,normal
2026-02-21,21,2026-02-21 21:00,19.72,12.3,12.39,3.09,0.0,47.5,0,none,normal
2026-02-21,22,2026-02-21 22:00,3.3,2.28,3.17,2.58,0.0,11.33,0,none,normal
2026-02-21,23,2026-02-21 23:00,3.29,2.95,2.74,2.37,0.0,11.35,0,none,normal
2026-02-22,0,2026-02-22 00:00,0.46,0.32,0.38,0.25,0.0,1.41,0,none,normal
2026-02-22,1,2026-02-22 01:00,0.49,0.37,0.31,0.25,0.0,1.42,0,none,normal
2026-02-22,2,2026-02-22 02:00,0.41,0.31,0.36,0.3,0.0,1.38,0,none,normal
2026-02-22,3,2026-02-22 03:00,0.54,0.31,0.38,0.28,0.0,1.51,0,none,normal
2026-02-22,4,2026-02-22 04:00,0.46,0.32,0.37,0.29,0.0,1.44,0,none,normal
2026-02-22,5,2026-02-22 05:00,0.51,0.31,0.36,0.29,0.0,1.47,0,none,normal
2026-02-22,6,2026-02-22 06:00,21.85,13.92,15.54,2.7,9.94,63.95,0,none,normal
2026-02-22,7,2026-02-22 07:00,22.94,16.0,16.01,9.1,7.78,71.83,0,none,normal
2026-02-22,8,2026-02-22 08:00,24.26,14.09,14.54,10.43,0.0,63.32,0,none,normal
2026-02-22,9,2026-02-22 09:00,4.24,2.32,2.74,2.35,0.0,11.65,0,none,normal
2026-02-22,10,2026-02-22 10:00,3.81,2.41,3.14,2.82,0.0,12.18,0,none,normal
2026-02-22,11,2026-02-22 11:00,4.19,2.59,2.91,2.46,0.0,12.15,0,none,normal
2026-02-22,12,2026-02-22 12:00,3.98,2.6,3.11,7.32,0.0,17.01,0,none,normal
2026-02-22,13,2026-02-22 13:00,4.07,2.93,2.95,7.4,0.0,17.35,0,none,normal
2026-02-22,14,2026-02-22 14:00,4.12,2.61,3.26,2.73,0.0,12.72,0,none,normal
2026-02-22,15,2026-02-22 15:00,4.15,2.59,2.94,2.8,0.0,12.48,0,none,normal
2026-02-22,16,2026-02-22 16:00,3.68,2.36,2.58,2.85,0.0,11.47,0,none,normal
2026-02-22,17,2026-02-22 17:00,3.77,2.5,3.17,2.35,0.0,11.79,0,none,normal
2026-02-22,18,2026-02-22 18:00,3.74,2.9,3.01,8.51,7.42,25.58,0,none,normal
2026-02-22,19,2026-02-22 19:00,16.79,10.5,11.76,8.48,7.91,55.44,0,none,normal
2026-02-22,20,2026-02-22 20:00,17.09,12.09,12.71,9.58,0.0,51.47,0,none,normal
2026-02-22,21,2026-02-22 21:00,15.51,10.58,12.02,2.95,0.0,41.06,0,none,normal
2026-02-22,22,2026-02-22 22:00,3.47,2.92,3.28,2.69,0.0,12.36,0,none,normal
2026-02-22,23,2026-02-22 23:00,4.25,2.31,2.97,3.0,0.0,12.53,0,none,normal
2026-02-23,0,2026-02-23 00:00,0.39,0.26,0.31,0.2,0.0,1.16,0,none,normal
2026-02-23,1,2026-02-23 01:00,0.43,0.25,0.27,0.24,0.0,1.19,0,none,normal
2026-02-23,2,2026-02-23 02:00,0.4,0.3,0.34,0.25,0.0,1.29,0,none,normal
2026-02-23,3,2026-02-23 03:00,0.45,0.25,0.27,0.25,0.0,1.22,0,none,normal
2026-02-23,4,2026-02-23 04:00,0.41,0.27,0.32,0.21,0.0,1.21,0,none,normal
2026-02-23,5,2026-02-23 05:00,0.36,0.25,0.34,0.22,0.0,1.17,0,none,normal
2026-02-23,6,2026-02-23 06:00,18.07,12.07,12.7,2.55,7.09,52.48,0,none,normal
2026-02-23,7,2026-02-23 07:00,17.2,12.76,15.03,9.02,8.48,62.49,0,none,normal
2026-02-23,8,2026-02-23 08:00,16.88,12.88,14.47,6.94,0.0,51.17,0,none,normal
2026-02-23,9,2026-02-23 09:00,3.3,2.43,2.52,2.55,0.0,10.8,0,none,normal
2026-02-23,10,2026-02-23 10:00,3.48,2.03,2.44,2.12,0.0,10.07,0,none,normal
2026-02-23,11,2026-02-23 11:00,3.07,2.41,2.13,2.5,0.0,10.11,0,none,normal
2026-02-23,12,2026-02-23 12:00,3.09,2.47,2.32,7.72,0.0,15.6,0,none,normal
2026-02-23,13,2026-02-23 13:00,2.81,2.41,2.21,6.16,0.0,13.59,0,none,normal
2026-02-23,14,2026-02-23 14:00,3.6,2.29,2.67,2.43,0.0,10.99,0,none,normal
2026-02-23,15,2026-02-23 15:00,2.75,2.44,2.63,2.55,0.0,10.37,0,none,normal
2026-02-23,16,2026-02-23 16:00,3.12,2.43,2.56,2.5,0.0,10.61,0,none,normal
2026-02-23,17,2026-02-23 17:00,3.51,2.33,2.4,2.15,0.0,10.39,0,none,normal
2026-02-23,18,2026-02-23 18:00,3.5,2.36,2.37,6.57,5.19,19.99,0,none,normal
2026-02-23,19,2026-02-23 19:00,15.01,10.29,11.74,6.81,5.82,49.67,0,none,normal
2026-02-23,20,2026-02-23 20:00,14.95,9.35,9.45,6.86,0.0,40.61,0,none,normal
2026-02-23,21,2026-02-23 21:00,16.43,10.88,11.65,2.48,0.0,41.44,0,none,normal
2026-02-23,22,2026-02-23 22:00,3.48,2.08,2.38,2.41,0.0,10.35,0,none,normal
2026-02-23,23,2026-02-23 23:00,3.38,2.42,2.62,2.05,0.0,10.47,0,none,normal
2026-02-24,0,2026-02-24 00:00,0.36,0.31,0.34,0.25,0.0,1.26,0,none,normal
2026-02-24,1,2026-02-24 01:00,0.45,0.31,0.31,0.23,0.0,1.3,0,none,normal
2026-02-24,2,2026-02-24 02:00,0.46,0.25,0.32,0.2,0.0,1.23,0,none,normal
2026-02-24,3,2026-02-24 03:00,0.39,0.26,0.26,0.22,0.0,1.13,0,none,normal
2026-02-24,4,2026-02-24 04:00,0.35,0.29,0.29,0.25,0.0,1.18,0,none,normal
2026-02-24,5,2026-02-24 05:00,0.42,0.24,0.32,0.2,0.0,1.18,0,none,normal
2026-02-24,6,2026-02-24 06:00,19.09,11.33,13.18,2.0,8.3,53.9,0,none,normal
2026-02-24,7,2026-02-24 07:00,18.13,13.9,12.34,8.53,7.32,60.22,0,none,normal
2026-02-24,8,2026-02-24 08:00,17.12,10.81,12.37,7.52,0.0,47.82,0,none,normal
2026-02-24,9,2026-02-24 09:00,3.59,2.11,2.53,2.22,0.0,10.45,0,none,normal
2026-02-24,10,2026-02-24 10:00,2.85,2.08,2.54,2.38,0.0,9.85,0,none,normal
2026-02-24,11,2026-02-24 11:00,3.4,2.36,2.22,1.98,0.0,9.96,0,none,normal
2026-02-24,12,2026-02-24 12:00,3.04,2.02,2.69,7.76,0.0,15.51,0,none,normal
2026-02-24,13,2026-02-24 13:00,3.65,2.26,2.58,5.83,0.0,14.32,0,none,normal
2026-02-24,14,2026-02-24 14:00,3.31,2.07,2.32,2.16,0.0,9.86,0,none,normal
2026-02-24,15,2026-02-24 15:00,3.26,2.25,2.23,2.25,0.0,9.99,0,none,normal
2026-02-24,16,2026-02-24 16:00,3.56,1.96,2.27,2.27,0.0,10.06,0,none,normal
2026-02-24,17,2026-02-24 17:00,2.83,1.9,2.13,2.5,0.0,9.36,0,none,normal
2026-02-24,18,2026-02-24 18:00,3.44,2.48,2.24,8.52,6.2,22.88,0,none,normal
2026-02-24,19,2026-02-24 19:00,15.53,9.2,10.19,8.55,5.67,49.14,0,none,normal
2026-02-24,20,2026-02-24 20:00,16.54,10.68,9.67,8.46,0.0,45.35,0,none,normal
2026-02-24,21,2026-02-24 21:00,15.69,8.57,9.66,2.07,0.0,35.99,0,none,normal
2026-02-24,22,2026-02-24 22:00,2.97,2.34,2.35,2.58,0.0,10.24,0,none,normal
2026-02-24,23,2026-02-24 23:00,2.76,2.11,2.55,2.24,0.0,9.66,0,none,normal
2026-02-25,0,2026-02-25 00:00,0.44,0.31,0.27,0.2,0.0,1.22,0,none,normal
2026-02-25,1,2026-02-25 01:00,0.36,0.25,0.3,0.21,0.0,1.12,0,none,normal
2026-02-25,2,2026-02-25 02:00,0.41,0.28,0.34,0.23,0.0,1.26,0,none,normal
2026-02-25,3,2026-02-25 03:00,0.39,90.24,0.32,0.24,0.0,91.19,1,laundry,HIGH
2026-02-25,4,2026-02-25 04:00,0.34,0.29,0.32,0.22,0.0,1.17,0,none,normal
2026-02-25,5,2026-02-25 05:00,0.45,0.3,0.27,0.2,0.0,1.22,0,none,normal
2026-02-25,6,2026-02-25 06:00,18.44,11.93,15.0,2.31,6.39,54.07,0,none,normal
2026-02-25,7,2026-02-25 07:00,20.08,12.67,14.99,7.67,8.02,63.43,0,none,normal
2026-02-25,8,2026-02-25 08:00,18.84,13.76,13.47,7.4,0.0,53.47,0,none,normal
2026-02-25,9,2026-02-25 09:00,3.34,2.08,2.08,1.96,0.0,9.46,0,none,normal
2026-02-25,10,2026-02-25 10:00,3.09,2.13,2.17,2.56,0.0,9.95,0,none,normal
2026-02-25,11,2026-02-25 11:00,2.81,2.43,2.16,2.44,0.0,9.84,0,none,normal
2026-02-25,12,2026-02-25 12:00,3.44,2.3,2.13,6.73,0.0,14.6,0,none,normal
2026-02-25,13,2026-02-25 13:00,3.49,2.07,2.53,6.0,0.0,14.09,0,none,normal
2026-02-25,14,2026-02-25 14:00,3.52,2.21,2.39,2.51,0.0,10.63,0,none,normal
2026-02-25,15,2026-02-25 15:00,3.26,2.15,2.58,2.46,0.0,10.45,0,none,normal
2026-02-25,16,2026-02-25 16:00,3.14,2.15,2.07,2.14,0.0,9.5,0,none,normal
2026-02-25,17,2026-02-25 17:00,2.94,2.32,2.15,2.25,0.0,9.66,0,none,normal
2026-02-25,18,2026-02-25 18:00,3.22,2.06,2.35,8.58,5.96,22.17,0,none,normal
2026-02-25,19,2026-02-25 19:00,12.88,8.79,12.11,8.43,6.04,48.25,0,none,normal
2026-02-25,20,2026-02-25 20:00,13.52,8.56,9.43,6.61,0.0,38.12,0,none,normal
2026-02-25,21,2026-02-25 21:00,14.08,8.7,11.32,2.3,0.0,36.4,0,none,normal
2026-02-25,22,2026-02-25 22:00,2.96,1.92,2.4,1.99,0.0,9.27,0,none,normal
2026-02-25,23,2026-02-25 23:00,2.89,1.99,2.32,1.97,0.0,9.17,0,none,normal
2026-02-26,0,2026-02-26 00:00,0.38,0.28,0.3,0.24,0.0,1.2,0,none,normal
2026-02-26,1,2026-02-26 01:00,0.37,0.31,0.33,0.2,0.0,1.21,0,none,normal
2026-02-26,2,2026-02-26 02:00,0.43,0.28,0.33,0.2,0.0,1.24,0,none,normal
2026-02-26,3,2026-02-26 03:00,0.34,0.24,0.27,0.22,0.0,1.07,0,none,normal
2026-02-26,4,2026-02-26 04:00,0.44,0.31,0.31,0.22,0.0,1.28,0,none,normal
2026-02-26,5,2026-02-26 05:00,0.46,0.26,0.32,0.24,0.0,1.28,0,none,normal
2026-02-26,6,2026-02-26 06:00,16.56,10.74,11.27,1.99,6.41,46.97,0,none,normal
2026-02-26,7,2026-02-26 07:00,20.08,13.4,12.05,8.46,7.84,61.83,0,none,normal
2026-02-26,8,2026-02-26 08:00,17.26,12.56,14.35,7.35,0.0,51.52,0,none,normal
2026-02-26,9,2026-02-26 09:00,3.16,2.18,2.06,2.02,0.0,9.42,0,none,normal
2026-02-26,10,2026-02-26 10:00,3.39,2.51,2.38,2.49,0.0,10.77,0,none,normal
2026-02-26,11,2026-02-26 11:00,2.91,2.25,2.64,1.95,0.0,9.75,0,none,normal
2026-02-26,12,2026-02-26 12:00,3.33,2.34,2.75,7.46,0.0,15.88,0,none,normal
2026-02-26,13,2026-02-26 13:00,3.29,2.24,2.25,6.72,0.0,14.5,0,none,normal
2026-02-26,14,2026-02-26 14:00,3.29,2.27,2.53,2.46,0.0,10.55,0,none,normal
2026-02-26,15,2026-02-26 15:00,3.41,2.22,2.34,2.13,0.0,10.1,0,none,normal
2026-02-26,16,2026-02-26 16:00,3.58,2.15,2.38,2.25,0.0,10.36,0,none,normal
2026-02-26,17,2026-02-26 17:00,3.05,2.33,2.05,2.11,0.0,9.54,0,none,normal
2026-02-26,18,2026-02-26 18:00,3.05,2.02,2.2,8.59,5.71,21.57,0,none,normal
2026-02-26,19,2026-02-26 19:00,14.84,10.92,11.31,6.8,5.63,49.5,0,none,normal
2026-02-26,20,2026-02-26 20:00,15.31,11.27,11.88,8.05,0.0,46.51,0,none,normal
2026-02-26,21,2026-02-26 21:00,15.68,10.79,11.92,2.33,0.0,40.72,0,none,normal
2026-02-26,22,2026-02-26 22:00,3.44,2.31,2.13,2.05,0.0,9.93,0,none,normal
2026-02-26,23,2026-02-26 23:00,2.82,2.14,2.76,2.12,0.0,9.84,0,none,normal
2026-02-27,0,2026-02-27 00:00,0.35,0.24,0.33,0.22,0.0,1.14,0,none,normal
2026-02-27,1,2026-02-27 01:00,0.44,0.31,0.26,0.2,0.0,1.21,0,none,normal
2026-02-27,2,2026-02-27 02:00,0.41,0.24,0.28,0.21,0.0,1.14,0,none,normal
2026-02-27,3,2026-02-27 03:00,0.38,0.24,0.33,0.21,0.0,1.16,0,none,normal
2026-02-27,4,2026-02-27 04:00,0.42,0.28,0.32,0.24,0.0,1.26,0,none,normal
2026-02-27,5,2026-02-27 05:00,0.39,0.27,0.33,0.2,0.0,1.19,0,none,normal
2026-02-27,6,2026-02-27 06:00,18.18,13.12,14.97,2.47,6.47,55.21,0,none,normal
2026-02-27,7,2026-02-27 07:00,15.52,12.57,14.67,9.1,6.73,58.59,0,none,normal
2026-02-27,8,2026-02-27 08:00,16.5,11.89,13.22,8.67,0.0,50.28,0,none,normal
2026-02-27,9,2026-02-27 09:00,3.34,2.09,2.14,2.49,0.0,10.06,0,none,normal
2026-02-27,10,2026-02-27 10:00,3.12,2.38,2.22,2.46,0.0,10.18,0,none,normal
2026-02-27,11,2026-02-27 11:00,3.2,1.93,2.31,2.42,0.0,9.86,0,none,normal
2026-02-27,12,2026-02-27 12:00,3.36,1.97,2.58,6.59,0.0,14.5,0,none,normal
2026-02-27,13,2026-02-27 13:00,3.49,2.14,2.33,6.67,0.0,14.63,0,none,normal
2026-02-27,14,2026-02-27 14:00,3.48,2.11,2.06,2.01,0.0,9.66,0,none,normal
2026-02-27,15,2026-02-27 15:00,3.49,2.49,2.1,2.12,0.0,10.2,0,none,normal
2026-02-27,16,2026-02-27 16:00,2.88,1.91,2.59,2.36,0.0,9.74,0,none,normal
2026-02-27,17,2026-02-27 17:00,3.59,1.91,2.49,2.39,0.0,10.38,0,none,normal
2026-02-27,18,2026-02-27 18:00,3.22,2.07,2.33,8.07,6.1,21.79,0,none,normal
2026-02-27,19,2026-02-27 19:00,13.55,10.62,12.13,6.52,5.6,48.42,0,none,normal
2026-02-27,20,2026-02-27 20:00,14.52,11.15,11.45,7.53,0.0,44.65,0,none,normal
2026-02-27,21,2026-02-27 21:00,14.59,10.76,11.29,2.38,0.0,39.02,0,none,normal
2026-02-27,22,2026-02-27 22:00,3.47,2.14,2.18,2.12,0.0,9.91,0,none,normal
2026-02-27,23,2026-02-27 23:00,3.04,2.35,2.57,2.0,0.0,9.96,0,none,normal
2026-02-28,0,2026-02-28 00:00,0.45,0.29,0.37,0.27,0.0,1.38,0,none,normal
2026-02-28,1,2026-02-28 01:00,0.43,0.28,0.39,0.28,0.0,1.38,0,none,normal
2026-02-28,2,2026-02-28 02:00,0.52,0.35,0.41,0.24,0.0,1.52,0,none,normal
2026-02-28,3,2026-02-28 03:00,0.46,0.34,0.34,0.23,0.0,1.37,0,none,normal
2026-02-28,4,2026-02-28 04:00,0.43,0.31,0.39,0.27,0.0,1.4,0,none,normal
2026-02-28,5,2026-02-28 05:00,0.52,0.38,0.37,0.3,0.0,1.57,0,none,normal
2026-02-28,6,2026-02-28 06:00,21.33,14.94,15.13,2.53,9.77,63.7,0,none,normal
2026-02-28,7,2026-02-28 07:00,22.48,15.27,16.86,9.78,8.32,72.71,0,none,normal
2026-02-28,8,2026-02-28 08:00,20.03,14.88,17.37,9.32,0.0,61.6,0,none,normal
2026-02-28,9,2026-02-28 09:00,4.08,2.9,2.52,2.35,0.0,11.85,0,none,normal
2026-02-28,10,2026-02-28 10:00,3.81,2.6,2.77,2.72,0.0,11.9,0,none,normal
2026-02-28,11,2026-02-28 11:00,3.86,2.56,2.68,2.7,0.0,11.8,0,none,normal
2026-02-28,12,2026-02-28 12:00,3.77,2.98,2.87,9.25,0.0,18.87,0,none,normal
2026-02-28,13,2026-02-28 13:00,3.43,2.34,3.06,7.2,0.0,16.03,0,none,normal
2026-02-28,14,2026-02-28 14:00,4.26,2.34,2.63,2.68,0.0,11.91,0,none,normal
2026-02-28,15,2026-02-28 15:00,4.35,2.54,3.27,2.78,0.0,12.94,0,none,normal
2026-02-28,16,2026-02-28 16:00,3.4,2.7,2.48,2.42,0.0,11.0,0,none,normal
2026-02-28,17,2026-02-28 17:00,4.41,2.48,2.87,2.94,0.0,12.7,0,none,normal
2026-02-28,18,2026-02-28 18:00,3.94,2.28,3.22,10.25,6.59,26.28,0,none,normal
2026-02-28,19,2026-02-28 19:00,18.93,11.84,11.49,8.76,8.0,59.02,0,none,normal
2026-02-28,20,2026-02-28 20:00,16.85,12.14,13.22,10.28,0.0,52.49,0,none,normal
2026-02-28,21,2026-02-28 21:00,17.15,12.66,13.37,2.91,0.0,46.09,0,none,normal
2026-02-28,22,2026-02-28 22:00,3.79,2.6,2.84,3.0,0.0,12.23,0,none,normal
2026-02-28,23,2026-02-28 23:00,4.19,2.77,2.8,2.48,0.0,12.24,0,none,normal
2026-03-01,0,2026-03-01 00:00,0.49,0.38,0.4,0.29,0.0,1.56,0,none,normal
2026-03-01,1,2026-03-01 01:00,0.53,0.35,0.37,0.29,0.0,1.54,0,none,normal
2026-03-01,2,2026-03-01 02:00,0.49,0.29,0.37,0.25,0.0,1.4,0,none,normal
2026-03-01,3,2026-03-01 03:00,0.49,0.29,0.37,0.24,0.0,1.39,0,none,normal
2026-03-01,4,2026-03-01 04:00,0.54,0.29,0.41,0.24,0.0,1.48,0,none,normal
2026-03-01,5,2026-03-01 05:00,0.52,0.3,0.38,0.3,0.0,1.5,0,none,normal
2026-03-01,6,2026-03-01 06:00,23.06,14.99,15.37,2.33,9.98,65.73,0,none,normal
2026-03-01,7,2026-03-01 07:00,18.1,14.25,15.44,10.77,8.51,67.07,0,none,normal
2026-03-01,8,2026-03-01 08:00,19.58,12.84,13.94,8.75,0.0,55.11,0,none,normal
2026-03-01,9,2026-03-01 09:00,3.56,2.31,2.71,2.62,0.0,11.2,0,none,normal
2026-03-01,10,2026-03-01 10:00,3.97,2.5,2.47,2.34,0.0,11.28,0,none,normal
2026-03-01,11,2026-03-01 11:00,3.63,2.57,2.73,2.6,0.0,11.53,0,none,normal
2026-03-01,12,2026-03-01 12:00,3.4,2.4,3.1,8.31,0.0,17.21,0,none,normal
2026-03-01,13,2026-03-01 13:00,4.13,2.55,2.55,7.03,0.0,16.26,0,none,normal
2026-03-01,14,2026-03-01 14:00,3.73,2.63,2.8,2.48,0.0,11.64,0,none,normal
2026-03-01,15,2026-03-01 15:00,3.57,3.01,3.03,2.49,0.0,12.1,0,none,normal
2026-03-01,16,2026-03-01 16:00,4.17,2.49,2.8,2.36,0.0,11.82,0,none,normal
2026-03-01,17,2026-03-01 17:00,3.5,3.01,2.77,3.09,0.0,12.37,0,none,normal
2026-03-01,18,2026-03-01 18:00,3.88,2.58,3.24,9.05,6.12,24.87,0,none,normal
2026-03-01,19,2026-03-01 19:00,17.1,13.05,12.14,10.48,6.12,58.89,0,none,normal
2026-03-01,20,2026-03-01 20:00,19.53,11.82,13.34,10.11,0.0,54.8,0,none,normal
2026-03-01,21,2026-03-01 21:00,16.51,12.35,13.29,2.71,0.0,44.86,0,none,normal
2026-03-01,22,2026-03-01 22:00,4.12,2.69,2.71,2.62,0.0,12.14,0,none,normal
2026-03-01,23,2026-03-01 23:00,3.42,2.68,2.69,2.64,0.0,11.43,0,none,normal
2026-03-02,0,2026-03-02 00:00,0.45,0.26,0.32,0.21,0.0,1.24,0,none,normal
2026-03-02,1,2026-03-02 01:00,0.43,0.27,0.28,0.26,0.0,1.24,0,none,normal
2026-03-02,2,2026-03-02 02:00,0.4,0.28,0.26,0.24,0.0,1.18,0,none,normal
2026-03-02,3,2026-03-02 03:00,0.34,0.27,0.34,0.24,0.0,1.19,0,none,normal
2026-03-02,4,2026-03-02 04:00,0.45,0.29,0.32,0.23,0.0,1.29,0,none,normal
2026-03-02,5,2026-03-02 05:00,0.42,0.24,0.26,0.25,0.0,1.17,0,none,normal
2026-03-02,6,2026-03-02 06:00,18.51,11.57,14.44,2.47,7.18,54.17,0,none,normal
2026-03-02,7,2026-03-02 07:00,15.9,13.07,13.98,6.91,7.42,57.28,0,none,normal
2026-03-02,8,2026-03-02 08:00,19.9,11.9,12.1,6.93,0.0,50.83,0,none,normal
2026-03-02,9,2026-03-02 09:00,3.6,2.11,2.1,2.33,0.0,10.14,0,none,normal
2026-03-02,10,2026-03-02 10:00,3.41,2.02,2.4,2.16,0.0,9.99,0,none,normal
2026-03-02,11,2026-03-02 11:00,3.59,2.34,2.19,2.04,0.0,10.16,0,none,normal
2026-03-02,12,2026-03-02 12:00,3.1,2.44,2.45,6.74,0.0,14.73,0,none,normal
2026-03-02,13,2026-03-02 13:00,3.35,2.24,2.53,6.88,0.0,15.0,0,none,normal
2026-03-02,14,2026-03-02 14:00,2.84,1.91,2.23,2.3,0.0,9.28,0,none,normal
2026-03-02,15,2026-03-02 15:00,3.22,2.39,2.18,2.37,0.0,10.16,0,none,normal
2026-03-02,16,2026-03-02 16:00,3.39,2.22,2.22,2.29,0.0,10.12,0,none,normal
2026-03-02,17,2026-03-02 17:00,3.62,2.29,2.72,1.95,0.0,10.58,0,none,normal
2026-03-02,18,2026-03-02 18:00,3.14,2.53,2.24,8.06,5.94,21.91,0,none,normal
2026-03-02,19,2026-03-02 19:00,13.8,10.67,12.04,7.02,5.6,49.13,0,none,normal
2026-03-02,20,2026-03-02 20:00,14.05,9.75,9.2,6.95,0.0,39.95,0,none,normal
2026-03-02,21,2026-03-02 21:00,14.71,8.49,11.57,2.57,0.0,37.34,0,none,normal
2026-03-02,22,2026-03-02 22:00,2.79,2.03,2.16,2.12,0.0,9.1,0,none,normal
2026-03-02,23,2026-03-02 23:00,2.81,2.19,2.62,2.31,0.0,9.93,0,none,normal
2026-03-03,0,2026-03-03 00:00,0.38,0.25,0.26,0.21,0.0,1.1,0,none,normal
2026-03-03,1,2026-03-03 01:00,0.35,0.26,0.33,0.25,0.0,1.19,0,none,normal
2026-03-03,2,2026-03-03 02:00,0.41,0.3,0.31,0.23,0.0,1.25,0,none,normal
2026-03-03,3,2026-03-03 03:00,0.35,0.24,0.28,0.25,0.0,1.12,0,none,normal
2026-03-03,4,2026-03-03 04:00,0.36,0.31,0.29,0.21,0.0,1.17,0,none,normal
2026-03-03,5,2026-03-03 05:00,0.35,0.29,0.31,0.21,0.0,1.16,0,none,normal
2026-03-03,6,2026-03-03 06:00,15.47,13.01,12.14,2.32,7.86,50.8,0,none,normal
2026-03-03,7,2026-03-03 07:00,15.02,11.68,14.37,9.02,7.77,57.86,0,none,normal
2026-03-03,8,2026-03-03 08:00,16.75,13.69,14.32,7.99,0.0,52.75,0,none,normal
2026-03-03,9,2026-03-03 09:00,2.9,1.94,2.47,1.96,0.0,9.27,0,none,normal
2026-03-03,10,2026-03-03 10:00,2.91,2.25,2.5,2.09,0.0,9.75,0,none,normal
2026-03-03,11,2026-03-03 11:00,3.42,2.16,2.22,2.45,0.0,10.25,0,none,normal
2026-03-03,12,2026-03-03 12:00,3.02,2.16,2.73,7.27,0.0,15.18,0,none,normal
2026-03-03,13,2026-03-03 13:00,3.57,2.38,2.15,6.36,0.0,14.46,0,none,normal
2026-03-03,14,2026-03-03 14:00,3.07,1.88,2.46,2.37,0.0,9.78,0,none,normal
2026-03-03,15,2026-03-03 15:00,3.21,2.42,2.66,2.2,0.0,10.49,0,none,normal
2026-03-03,16,2026-03-03 16:00,2.91,2.47,2.61,2.14,0.0,10.13,0,none,normal
2026-03-03,17,2026-03-03 17:00,3.39,2.52,2.47,2.14,0.0,10.52,0,none,normal
2026-03-03,18,2026-03-03 18:00,3.64,2.28,2.34,6.87,5.92,21.05,0,none,normal
2026-03-03,19,2026-03-03 19:00,15.65,8.54,9.89,6.51,5.5,46.09,0,none,normal
2026-03-03,20,2026-03-03 20:00,13.23,10.27,9.95,8.19,0.0,41.64,0,none,normal
2026-03-03,21,2026-03-03 21:00,13.67,10.61,9.85,2.04,0.0,36.17,0,none,normal
2026-03-03,22,2026-03-03 22:00,3.07,1.92,2.06,1.99,0.0,9.04,0,none,normal
2026-03-03,23,2026-03-03 23:00,2.91,2.26,2.59,1.94,0.0,9.7,0,none,normal
2026-03-04,0,2026-03-04 00:00,0.36,0.25,0.33,0.24,0.0,1.18,0,none,normal
2026-03-04,1,2026-03-04 01:00,0.41,0.25,110.26,0.25,0.0,111.17,1,bathroom2,HIGH
2026-03-04,2,2026-03-04 02:00,0.34,0.29,0.29,0.24,0.0,1.16,0,none,normal
2026-03-04,3,2026-03-04 03:00,0.45,0.26,0.28,0.25,0.0,1.24,0,none,normal
2026-03-04,4,2026-03-04 04:00,0.45,0.31,0.34,0.25,0.0,1.35,0,none,normal
2026-03-04,5,2026-03-04 05:00,0.35,0.25,0.34,0.24,0.0,1.18,0,none,normal
2026-03-04,6,2026-03-04 06:00,16.96,11.64,13.59,2.57,6.93,51.69,0,none,normal
2026-03-04,7,2026-03-04 07:00,15.2,12.52,11.97,8.19,8.15,56.03,0,none,normal
2026-03-04,8,2026-03-04 08:00,16.69,10.48,14.37,9.01,0.0,50.55,0,none,normal
2026-03-04,9,2026-03-04 09:00,3.65,2.45,2.19,1.97,0.0,10.26,0,none,normal
2026-03-04,10,2026-03-04 10:00,3.36,1.91,2.41,2.42,0.0,10.1,0,none,normal
2026-03-04,11,2026-03-04 11:00,3.21,2.2,2.37,2.13,0.0,9.91,0,none,normal
2026-03-04,12,2026-03-04 12:00,3.39,2.34,2.4,6.28,0.0,14.41,0,none,normal
2026-03-04,13,2026-03-04 13:00,3.6,2.26,2.07,6.18,0.0,14.11,0,none,normal
2026-03-04,14,2026-03-04 14:00,3.55,2.13,2.26,2.51,0.0,10.45,0,none,normal
2026-03-04,15,2026-03-04 15:00,3.62,2.12,2.44,2.0,0.0,10.18,0,none,normal
2026-03-04,16,2026-03-04 16:00,3.15,2.1,2.46,2.23,0.0,9.94,0,none,normal
2026-03-04,17,2026-03-04 17:00,3.13,2.18,2.33,2.46,0.0,10.1,0,none,normal
2026-03-04,18,2026-03-04 18:00,3.09,1.99,2.21,7.98,5.75,21.02,0,none,normal
2026-03-04,19,2026-03-04 19:00,12.6,10.92,10.84,7.98,6.51,48.85,0,none,normal
2026-03-04,20,2026-03-04 20:00,16.24,8.71,9.41,6.59,0.0,40.95,0,none,normal
2026-03-04,21,2026-03-04 21:00,13.09,9.39,10.16,2.46,0.0,35.1,0,none,normal
2026-03-04,22,2026-03-04 22:00,2.98,2.34,2.76,2.59,0.0,10.67,0,none,normal
2026-03-04,23,2026-03-04 23:00,3.43,2.47,2.05,2.11,0.0,10.06,0,none,normal
2026-03-05,0,2026-03-05 00:00,0.43,0.27,0.29,0.23,0.0,1.22,0,none,normal
2026-03-05,1,2026-03-05 01:00,0.4,0.28,0.32,0.2,0.0,1.2,0,none,normal
2026-03-05,2,2026-03-05 02:00,0.37,0.3,0.3,0.23,0.0,1.2,0,none,normal
2026-03-05,3,2026-03-05 03:00,0.43,0.29,0.3,0.24,0.0,1.26,0,none,normal
2026-03-05,4,2026-03-05 04:00,0.36,0.3,0.32,0.21,0.0,1.19,0,none,normal
2026-03-05,5,2026-03-05 05:00,0.41,0.26,0.31,0.2,0.0,1.18,0,none,normal
2026-03-05,6,2026-03-05 06:00,15.01,13.23,14.52,2.14,7.32,52.22,0,none,normal
2026-03-05,7,2026-03-05 07:00,18.58,11.75,14.3,8.19,7.11,59.93,0,none,normal
2026-03-05,8,2026-03-05 08:00,15.08,13.14,14.87,7.26,0.0,50.35,0,none,normal
2026-03-05,9,2026-03-05 09:00,3.04,2.29,2.47,2.32,0.0,10.12,0,none,normal
2026-03-05,10,2026-03-05 10:00,3.66,2.0,2.32,2.27,0.0,10.25,0,none,normal
2026-03-05,11,2026-03-05 11:00,2.82,2.25,2.37,2.52,0.0,9.96,0,none,normal
2026-03-05,12,2026-03-05 12:00,2.82,2.23,2.06,7.13,0.0,14.24,0,none,normal
2026-03-05,13,2026-03-05 13:00,2.9,1.92,2.73,6.31,0.0,13.86,0,none,normal
2026-03-05,14,2026-03-05 14:00,3.35,1.92,2.08,2.26,0.0,9.61,0,none,normal
2026-03-05,15,2026-03-05 15:00,3.55,2.14,2.15,1.99,0.0,9.83,0,none,normal
2026-03-05,16,2026-03-05 16:00,3.18,1.92,2.73,2.5,0.0,10.33,0,none,normal
2026-03-05,17,2026-03-05 17:00,2.92,2.16,2.55,2.23,0.0,9.86,0,none,normal
2026-03-05,18,2026-03-05 18:00,3.62,2.26,2.4,8.07,5.6,21.95,0,none,normal
2026-03-05,19,2026-03-05 19:00,12.27,8.84,9.39,7.42,6.55,44.47,0,none,normal
2026-03-05,20,2026-03-05 20:00,14.51,11.12,12.03,7.56,0.0,45.22,0,none,normal
2026-03-05,21,2026-03-05 21:00,15.43,9.27,12.03,2.22,0.0,38.95,0,none,normal
2026-03-05,22,2026-03-05 22:00,3.4,2.07,2.48,2.46,0.0,10.41,0,none,normal
2026-03-05,23,2026-03-05 23:00,2.96,2.46,2.57,2.22,0.0,10.21,0,none,normal
2026-03-06,0,2026-03-06 00:00,0.36,0.28,0.29,0.26,0.0,1.19,0,none,normal
2026-03-06,1,2026-03-06 01:00,0.44,0.26,0.31,0.21,0.0,1.22,0,none,normal
2026-03-06,2,2026-03-06 02:00,0.42,0.29,0.27,0.22,0.0,1.2,0,none,normal
2026-03-06,3,2026-03-06 03:00,0.41,0.32,0.26,0.2,0.0,1.19,0,none,normal
2026-03-06,4,2026-03-06 04:00,0.38,0.27,0.28,0.23,0.0,1.16,0,none,normal
2026-03-06,5,2026-03-06 05:00,0.35,0.29,0.32,0.22,0.0,1.18,0,none,normal
2026-03-06,6,2026-03-06 06:00,19.48,11.72,11.26,1.99,8.44,52.89,0,none,normal
2026-03-06,7,2026-03-06 07:00,16.69,13.0,13.14,7.05,7.61,57.49,0,none,normal
2026-03-06,8,2026-03-06 08:00,16.24,13.73,11.78,8.88,0.0,50.63,0,none,normal
2026-03-06,9,2026-03-06 09:00,2.88,1.88,2.11,2.11,0.0,8.98,0,none,normal
2026-03-06,10,2026-03-06 10:00,3.1,1.92,2.59,2.37,0.0,9.98,0,none,normal
2026-03-06,11,2026-03-06 11:00,3.06,2.01,2.06,2.37,0.0,9.5,0,none,normal
2026-03-06,12,2026-03-06 12:00,3.39,2.42,2.62,7.04,0.0,15.47,0,none,normal
2026-03-06,13,2026-03-06 13:00,3.58,2.13,2.26,5.84,0.0,13.81,0,none,normal
2026-03-06,14,2026-03-06 14:00,3.46,2.38,2.71,2.17,0.0,10.72,0,none,normal
2026-03-06,15,2026-03-06 15:00,2.81,2.15,2.75,2.14,0.0,9.85,0,none,normal
2026-03-06,16,2026-03-06 16:00,3.36,2.02,2.68,2.45,0.0,10.51,0,none,normal
2026-03-06,17,2026-03-06 17:00,2.88,1.98,2.34,1.99,0.0,9.19,0,none,normal
2026-03-06,18,2026-03-06 18:00,3.26,2.0,2.19,7.75,6.79,21.99,0,none,normal
2026-03-06,19,2026-03-06 19:00,12.76,9.05,10.34,6.9,5.82,44.87,0,none,normal
2026-03-06,20,2026-03-06 20:00,13.61,9.57,10.67,6.65,0.0,40.5,0,none,normal
2026-03-06,21,2026-03-06 21:00,15.05,9.51,9.4,2.06,0.0,36.02,0,none,normal
2026-03-06,22,2026-03-06 22:00,3.29,2.52,2.11,2.27,0.0,10.19,0,none,normal
2026-03-06,23,2026-03-06 23:00,3.54,1.98,2.73,2.32,0.0,10.57,0,none,normal
2026-03-07,0,2026-03-07 00:00,0.51,0.35,0.41,0.29,0.0,1.56,0,none,normal
2026-03-07,1,2026-03-07 01:00,0.5,0.37,0.34,0.3,0.0,1.51,0,none,normal
2026-03-07,2,2026-03-07 02:00,0.46,0.34,0.37,0.26,0.0,1.43,0,none,normal
2026-03-07,3,2026-03-07 03:00,0.44,0.34,0.41,0.25,0.0,1.44,0,none,normal
2026-03-07,4,2026-03-07 04:00,0.54,0.31,0.39,0.29,0.0,1.53,0,none,normal
2026-03-07,5,2026-03-07 05:00,0.42,0.32,0.34,0.24,0.0,1.32,0,none,normal
2026-03-07,6,2026-03-07 06:00,18.19,16.36,16.31,3.06,9.65,63.57,0,none,normal
2026-03-07,7,2026-03-07 07:00,20.03,13.55,16.52,10.48,9.06,69.64,0,none,normal
2026-03-07,8,2026-03-07 08:00,24.15,15.16,14.83,8.33,0.0,62.47,0,none,normal
2026-03-07,9,2026-03-07 09:00,3.65,2.44,2.91,3.03,0.0,12.03,0,none,normal
2026-03-07,10,2026-03-07 10:00,3.55,2.79,3.07,2.79,0.0,12.2,0,none,normal
2026-03-07,11,2026-03-07 11:00,3.63,2.59,2.45,3.0,0.0,11.67,0,none,normal
2026-03-07,12,2026-03-07 12:00,3.49,2.75,2.57,7.38,0.0,16.19,0,none,normal
2026-03-07,13,2026-03-07 13:00,3.95,2.9,3.25,7.46,0.0,17.56,0,none,normal
2026-03-07,14,2026-03-07 14:00,4.1,2.49,3.07,2.49,0.0,12.15,0,none,normal
2026-03-07,15,2026-03-07 15:00,3.55,2.47,2.84,2.81,0.0,11.67,0,none,normal
2026-03-07,16,2026-03-07 16:00,4.16,2.31,3.29,2.62,0.0,12.38,0,none,normal
2026-03-07,17,2026-03-07 17:00,3.77,2.64,3.08,2.91,0.0,12.4,0,none,normal
2026-03-07,18,2026-03-07 18:00,4.18,2.26,2.78,10.16,7.76,27.14,0,none,normal
2026-03-07,19,2026-03-07 19:00,19.47,12.22,11.61,9.8,6.68,59.78,0,none,normal
2026-03-07,20,2026-03-07 20:00,17.09,11.71,12.47,9.47,0.0,50.74,0,none,normal
2026-03-07,21,2026-03-07 21:00,15.4,11.77,11.62,2.45,0.0,41.24,0,none,normal
2026-03-07,22,2026-03-07 22:00,3.84,2.82,2.87,3.04,0.0,12.57,0,none,normal
2026-03-07,23,2026-03-07 23:00,4.38,2.54,2.87,2.81,0.0,12.6,0,none,normal
2026-03-08,0,2026-03-08 00:00,0.47,0.28,0.41,0.26,0.0,1.42,0,none,normal
2026-03-08,1,2026-03-08 01:00,0.44,0.32,0.33,0.3,0.0,1.39,0,none,normal
2026-03-08,2,2026-03-08 02:00,0.48,0.33,0.38,0.29,0.0,1.48,0,none,normal
2026-03-08,3,2026-03-08 03:00,0.54,0.35,0.33,0.23,0.0,1.45,0,none,normal
2026-03-08,4,2026-03-08 04:00,0.5,0.35,0.38,0.28,0.0,1.51,0,none,normal
2026-03-08,5,2026-03-08 05:00,0.47,0.35,0.33,0.28,0.0,1.43,0,none,normal
2026-03-08,6,2026-03-08 06:00,23.28,12.4,17.13,2.82,10.13,65.76,0,none,normal
2026-03-08,7,2026-03-08 07:00,20.47,14.9,17.75,9.77,8.16,71.05,0,none,normal
2026-03-08,8,2026-03-08 08:00,20.63,15.96,14.67,9.14,0.0,60.4,0,none,normal
2026-03-08,9,2026-03-08 09:00,4.02,2.55,2.71,2.63,0.0,11.91,0,none,normal
2026-03-08,10,2026-03-08 10:00,4.1,2.31,3.0,2.92,0.0,12.33,0,none,normal
2026-03-08,11,2026-03-08 11:00,3.43,2.84,3.25,2.62,0.0,12.14,0,none,normal
2026-03-08,12,2026-03-08 12:00,4.4,2.89,2.45,7.05,0.0,16.79,0,none,normal
2026-03-08,13,2026-03-08 13:00,3.87,2.76,3.08,7.3,0.0,17.01,0,none,normal
2026-03-08,14,2026-03-08 14:00,4.08,2.4,2.61,3.06,0.0,12.15,0,none,normal
2026-03-08,15,2026-03-08 15:00,4.2,2.39,2.5,2.44,0.0,11.53,0,none,normal
2026-03-08,16,2026-03-08 16:00,3.56,2.96,2.8,2.8,0.0,12.12,0,none,normal
2026-03-08,17,2026-03-08 17:00,4.26,2.38,2.7,2.6,0.0,11.94,0,none,normal
2026-03-08,18,2026-03-08 18:00,3.66,2.71,2.86,9.66,6.34,25.23,0,none,normal
2026-03-08,19,2026-03-08 19:00,15.0,12.78,11.04,9.41,8.25,56.48,0,none,normal
2026-03-08,20,2026-03-08 20:00,15.19,11.96,11.04,9.46,0.0,47.65,0,none,normal
2026-03-08,21,2026-03-08 21:00,18.63,13.42,12.86,2.57,0.0,47.48,0,none,normal
2026-03-08,22,2026-03-08 22:00,3.69,2.95,3.31,2.96,0.0,12.91,0,none,normal
2026-03-08,23,2026-03-08 23:00,4.03,2.54,2.5,2.58,0.0,11.65,0,none,normal
2026-03-09,0,2026-03-09 00:00,0.35,0.27,0.32,0.24,0.0,1.18,0,none,normal
2026-03-09,1,2026-03-09 01:00,0.36,0.28,0.33,0.21,0.0,1.18,0,none,normal
2026-03-09,2,2026-03-09 02:00,0.44,0.26,0.31,0.24,0.0,1.25,0,none,normal
2026-03-09,3,2026-03-09 03:00,0.39,0.25,0.34,0.26,0.0,1.24,0,none,normal
2026-03-09,4,2026-03-09 04:00,0.34,0.26,0.26,0.25,0.0,1.11,0,none,normal
2026-03-09,5,2026-03-09 05:00,0.39,0.28,0.29,0.23,0.0,1.19,0,none,normal
2026-03-09,6,2026-03-09 06:00,17.22,13.67,14.91,2.58,8.3,56.68,0,none,normal
2026-03-09,7,2026-03-09 07:00,19.74,12.95,12.38,7.36,6.7,59.13,0,none,normal
2026-03-09,8,2026-03-09 08:00,17.71,12.36,14.61,8.11,0.0,52.79,0,none,normal
2026-03-09,9,2026-03-09 09:00,3.48,2.07,2.52,2.28,0.0,10.35,0,none,normal
2026-03-09,10,2026-03-09 10:00,2.88,2.16,2.12,2.36,0.0,9.52,0,none,normal
2026-03-09,11,2026-03-09 11:00,2.92,2.37,2.52,1.97,0.0,9.78,0,none,normal
2026-03-09,12,2026-03-09 12:00,3.41,1.98,2.71,7.57,0.0,15.67,0,none,normal
2026-03-09,13,2026-03-09 13:00,2.93,2.04,2.38,7.55,0.0,14.9,0,none,normal
2026-03-09,14,2026-03-09 14:00,2.85,2.22,2.56,1.97,0.0,9.6,0,none,normal
2026-03-09,15,2026-03-09 15:00,3.56,2.48,2.59,2.32,0.0,10.95,0,none,normal
2026-03-09,16,2026-03-09 16:00,3.08,2.34,2.57,2.17,0.0,10.16,0,none,normal
2026-03-09,17,2026-03-09 17:00,3.26,2.44,2.62,2.06,0.0,10.38,0,none,normal
2026-03-09,18,2026-03-09 18:00,2.8,1.93,2.57,8.65,6.44,22.39,0,none,normal
2026-03-09,19,2026-03-09 19:00,12.74,9.51,11.94,8.69,6.14,49.02,0,none,normal
2026-03-09,20,2026-03-09 20:00,12.25,8.6,10.92,8.45,0.0,40.22,0,none,normal
2026-03-09,21,2026-03-09 21:00,13.62,9.5,11.38,2.45,0.0,36.95,0,none,normal
2026-03-09,22,2026-03-09 22:00,3.3,2.02,2.32,2.28,0.0,9.92,0,none,normal
2026-03-09,23,2026-03-09 23:00,2.86,2.49,2.64,2.25,0.0,10.24,0,none,normal
2026-03-10,0,2026-03-10 00:00,0.41,0.25,0.31,0.25,0.0,1.22,0,none,normal
2026-03-10,1,2026-03-10 01:00,0.41,0.26,0.34,0.2,0.0,1.21,0,none,normal
2026-03-10,2,2026-03-10 02:00,0.42,0.27,0.33,0.22,0.0,1.24,0,none,normal
2026-03-10,3,2026-03-10 03:00,0.39,0.31,0.28,0.25,0.0,1.23,0,none,normal
2026-03-10,4,2026-03-10 04:00,0.43,0.3,0.32,0.19,0.0,1.24,0,none,normal
2026-03-10,5,2026-03-10 05:00,0.36,0.27,0.29,0.26,0.0,1.18,0,none,normal
2026-03-10,6,2026-03-10 06:00,19.44,13.88,13.39,2.14,7.9,56.75,0,none,normal
2026-03-10,7,2026-03-10 07:00,20.19,13.04,12.77,8.17,7.01,61.18,0,none,normal
2026-03-10,8,2026-03-10 08:00,18.64,10.99,14.61,7.84,0.0,52.08,0,none,normal
2026-03-10,9,2026-03-10 09:00,3.44,2.25,2.62,2.49,0.0,10.8,0,none,normal
2026-03-10,10,2026-03-10 10:00,3.16,1.98,2.14,2.38,0.0,9.66,0,none,normal
2026-03-10,11,2026-03-10 11:00,2.86,2.01,2.58,2.41,0.0,9.86,0,none,normal
2026-03-10,12,2026-03-10 12:00,3.42,2.25,2.53,7.74,0.0,15.94,0,none,normal
2026-03-10,13,2026-03-10 13:00,3.63,2.15,2.65,7.61,0.0,16.04,0,none,normal
2026-03-10,14,2026-03-10 14:00,3.66,1.99,2.08,2.57,0.0,10.3,0,none,normal
2026-03-10,15,2026-03-10 15:00,3.29,2.51,2.49,2.19,0.0,10.48,0,none,normal
2026-03-10,16,2026-03-10 16:00,2.95,2.19,2.54,2.56,0.0,10.24,0,none,normal
2026-03-10,17,2026-03-10 17:00,3.08,2.33,2.61,2.36,0.0,10.38,0,none,normal
2026-03-10,18,2026-03-10 18:00,3.55,2.3,2.24,8.0,5.76,21.85,0,none,normal
2026-03-10,19,2026-03-10 19:00,12.76,8.66,10.77,8.04,6.02,46.25,0,none,normal
2026-03-10,20,2026-03-10 20:00,12.34,10.12,11.04,7.13,0.0,40.63,0,none,normal
2026-03-10,21,2026-03-10 21:00,15.67,8.95,10.75,2.35,0.0,37.72,0,none,normal
2026-03-10,22,2026-03-10 22:00,3.27,1.94,2.09,2.53,0.0,9.83,0,none,normal
2026-03-10,23,2026-03-10 23:00,2.9,2.41,2.05,2.29,0.0,9.65,0,none,normal
2026-03-11,0,2026-03-11 00:00,0.44,0.27,0.3,0.23,0.0,1.24,0,none,normal
2026-03-11,1,2026-03-11 01:00,0.43,0.24,0.32,0.26,0.0,1.25,0,none,normal
2026-03-11,2,2026-03-11 02:00,0.36,0.28,0.27,0.23,0.0,1.14,0,none,normal
2026-03-11,3,2026-03-11 03:00,0.35,0.24,0.27,0.2,0.0,1.06,0,none,normal
2026-03-11,4,2026-03-11 04:00,0.44,0.24,0.34,0.23,0.0,1.25,0,none,normal
2026-03-11,5,2026-03-11 05:00,0.41,0.27,0.34,0.19,0.0,1.21,0,none,normal
2026-03-11,6,2026-03-11 06:00,19.96,12.17,14.32,2.36,7.38,56.19,0,none,normal
2026-03-11,7,2026-03-11 07:00,18.01,12.81,13.29,9.28,7.17,60.56,0,none,normal
2026-03-11,8,2026-03-11 08:00,17.8,11.05,11.61,8.88,0.0,49.34,0,none,normal
2026-03-11,9,2026-03-11 09:00,2.9,2.07,2.64,2.56,0.0,10.17,0,none,normal
2026-03-11,10,2026-03-11 10:00,2.93,2.11,2.13,2.33,0.0,9.5,0,none,normal
2026-03-11,11,2026-03-11 11:00,2.96,2.12,2.69,2.18,0.0,9.95,0,none,normal
2026-03-11,12,2026-03-11 12:00,2.96,2.15,2.54,6.82,0.0,14.47,0,none,normal
2026-03-11,13,2026-03-11 13:00,3.42,2.53,2.54,6.13,0.0,14.62,0,none,normal
2026-03-11,14,2026-03-11 14:00,3.35,2.41,2.48,2.2,0.0,10.44,0,none,normal
2026-03-11,15,2026-03-11 15:00,3.67,2.16,2.06,2.32,0.0,10.21,0,none,normal
2026-03-11,16,2026-03-11 16:00,2.84,1.94,2.43,1.96,0.0,9.17,0,none,normal
2026-03-11,17,2026-03-11 17:00,3.07,2.09,2.24,2.5,0.0,9.9,0,none,normal
2026-03-11,18,2026-03-11 18:00,2.73,2.12,2.74,7.37,5.29,20.25,0,none,normal
2026-03-11,19,2026-03-11 19:00,16.24,8.94,11.54,7.21,6.58,50.51,0,none,normal
2026-03-11,20,2026-03-11 20:00,14.36,9.99,11.45,8.49,0.0,44.29,0,none,normal
2026-03-11,21,2026-03-11 21:00,14.86,11.08,9.73,2.55,0.0,38.22,0,none,normal
2026-03-11,22,2026-03-11 22:00,3.05,2.36,2.74,2.27,0.0,10.42,0,none,normal
2026-03-11,23,2026-03-11 23:00,3.54,2.18,2.13,1.92,0.0,9.77,0,none,normal
2026-03-12,0,2026-03-12 00:00,0.36,0.24,0.29,0.24,0.0,1.13,0,none,normal
2026-03-12,1,2026-03-12 01:00,0.43,0.31,0.32,0.21,0.0,1.27,0,none,normal
2026-03-12,2,2026-03-12 02:00,0.42,0.25,0.34,0.25,0.0,1.26,0,none,normal
2026-03-12,3,2026-03-12 03:00,0.37,0.27,0.34,0.25,0.0,1.23,0,none,normal
2026-03-12,4,2026-03-12 04:00,0.38,0.3,0.34,0.22,0.0,1.24,0,none,normal
2026-03-12,5,2026-03-12 05:00,0.35,0.24,0.32,0.26,0.0,1.17,0,none,normal
2026-03-12,6,2026-03-12 06:00,15.26,12.98,13.41,2.25,8.34,52.24,0,none,normal
2026-03-12,7,2026-03-12 07:00,20.04,11.82,13.23,8.66,7.45,61.2,0,none,normal
2026-03-12,8,2026-03-12 08:00,17.68,13.91,14.74,8.58,0.0,54.91,0,none,normal
2026-03-12,9,2026-03-12 09:00,3.31,2.47,2.58,2.39,0.0,10.75,0,none,normal
2026-03-12,10,2026-03-12 10:00,3.44,2.03,2.57,2.55,0.0,10.59,0,none,normal
2026-03-12,11,2026-03-12 11:00,3.57,2.22,2.48,2.32,0.0,10.59,0,none,normal
2026-03-12,12,2026-03-12 12:00,3.37,2.45,2.42,6.19,0.0,14.43,0,none,normal
2026-03-12,13,2026-03-12 13:00,3.53,2.21,2.73,6.59,0.0,15.06,0,none,normal
2026-03-12,14,2026-03-12 14:00,3.08,1.94,2.7,2.08,0.0,9.8,0,none,normal
2026-03-12,15,2026-03-12 15:00,3.46,1.95,2.26,2.11,0.0,9.78,0,none,normal
2026-03-12,16,2026-03-12 16:00,3.43,2.25,2.2,2.12,0.0,10.0,0,none,normal
2026-03-12,17,2026-03-12 17:00,3.34,2.41,2.07,2.23,0.0,10.05,0,none,normal
2026-03-12,18,2026-03-12 18:00,3.19,2.1,2.48,7.26,5.74,20.77,0,none,normal
2026-03-12,19,2026-03-12 19:00,12.26,11.06,9.78,7.32,5.28,45.7,0,none,normal
2026-03-12,20,2026-03-12 20:00,14.37,8.67,10.85,6.86,0.0,40.75,0,none,normal
2026-03-12,21,2026-03-12 21:00,14.35,8.88,11.31,2.07,0.0,36.61,0,none,normal
2026-03-12,22,2026-03-12 22:00,3.01,2.15,2.17,2.46,0.0,9.79,0,none,normal
2026-03-12,23,2026-03-12 23:00,3.14,2.42,2.16,2.15,0.0,9.87,0,none,normal
2026-03-13,0,2026-03-13 00:00,0.38,0.31,0.27,0.2,0.0,1.16,0,none,normal
2026-03-13,1,2026-03-13 01:00,0.39,0.3,0.34,0.2,0.0,1.23,0,none,normal
2026-03-13,2,2026-03-13 02:00,0.4,0.29,0.28,0.22,60.0,61.19,1,garden,MEDIUM
2026-03-13,3,2026-03-13 03:00,0.44,0.29,0.28,0.24,0.0,1.25,0,none,normal
2026-03-13,4,2026-03-13 04:00,0.4,0.31,0.33,0.22,0.0,1.26,0,none,normal
2026-03-13,5,2026-03-13 05:00,0.35,0.24,0.27,0.23,0.0,1.09,0,none,normal
2026-03-13,6,2026-03-13 06:00,16.21,12.75,12.57,2.57,8.03,52.13,0,none,normal
2026-03-13,7,2026-03-13 07:00,17.25,11.34,13.14,8.73,6.93,57.39,0,none,normal
2026-03-13,8,2026-03-13 08:00,15.77,12.14,12.21,8.75,0.0,48.87,0,none,normal
2026-03-13,9,2026-03-13 09:00,3.67,2.03,2.63,2.05,0.0,10.38,0,none,normal
2026-03-13,10,2026-03-13 10:00,3.5,2.33,2.4,2.03,0.0,10.26,0,none,normal
2026-03-13,11,2026-03-13 11:00,3.29,2.29,2.21,2.0,0.0,9.79,0,none,normal
2026-03-13,12,2026-03-13 12:00,3.67,2.48,2.35,6.99,0.0,15.49,0,none,normal
2026-03-13,13,2026-03-13 13:00,2.77,2.14,2.26,7.02,0.0,14.19,0,none,normal
2026-03-13,14,2026-03-13 14:00,3.04,2.19,2.41,2.35,0.0,9.99,0,none,normal
2026-03-13,15,2026-03-13 15:00,2.98,2.06,2.29,2.19,0.0,9.52,0,none,normal
2026-03-13,16,2026-03-13 16:00,2.77,1.9,2.08,2.42,0.0,9.17,0,none,normal
2026-03-13,17,2026-03-13 17:00,3.17,2.47,2.11,2.04,0.0,9.79,0,none,normal
2026-03-13,18,2026-03-13 18:00,3.07,2.07,2.11,6.53,6.09,19.87,0,none,normal
2026-03-13,19,2026-03-13 19:00,15.96,9.4,11.58,7.33,6.5,50.77,0,none,normal
2026-03-13,20,2026-03-13 20:00,14.52,9.52,11.29,6.98,0.0,42.31,0,none,normal
2026-03-13,21,2026-03-13 21:00,16.07,8.8,11.59,1.99,0.0,38.45,0,none,normal
2026-03-13,22,2026-03-13 22:00,3.6,2.3,2.18,2.39,0.0,10.47,0,none,normal
2026-03-13,23,2026-03-13 23:00,2.79,2.23,2.29,2.4,0.0,9.71,0,none,normal
2026-03-14,0,2026-03-14 00:00,0.44,0.35,0.31,0.25,0.0,1.35,0,none,normal
2026-03-14,1,2026-03-14 01:00,0.44,0.37,0.4,0.3,0.0,1.51,0,none,normal
2026-03-14,2,2026-03-14 02:00,0.54,0.32,0.38,0.3,0.0,1.54,0,none,normal
2026-03-14,3,2026-03-14 03:00,0.47,0.37,0.36,0.23,0.0,1.43,0,none,normal
2026-03-14,4,2026-03-14 04:00,0.51,0.29,0.31,0.28,0.0,1.39,0,none,normal
2026-03-14,5,2026-03-14 05:00,0.51,0.35,0.35,0.28,0.0,1.49,0,none,normal
2026-03-14,6,2026-03-14 06:00,24.11,13.06,17.03,2.61,9.75,66.56,0,none,normal
2026-03-14,7,2026-03-14 07:00,20.49,13.52,14.34,8.73,8.24,65.32,0,none,normal
2026-03-14,8,2026-03-14 08:00,22.37,16.17,17.22,9.59,0.0,65.35,0,none,normal
2026-03-14,9,2026-03-14 09:00,3.87,2.48,2.64,2.87,0.0,11.86,0,none,normal
2026-03-14,10,2026-03-14 10:00,3.46,2.28,2.65,2.33,0.0,10.72,0,none,normal
2026-03-14,11,2026-03-14 11:00,4.28,2.98,2.68,2.94,0.0,12.88,0,none,normal
2026-03-14,12,2026-03-14 12:00,3.55,2.9,2.91,6.89,0.0,16.25,0,none,normal
2026-03-14,13,2026-03-14 13:00,3.96,2.54,2.52,8.6,0.0,17.62,0,none,normal
2026-03-14,14,2026-03-14 14:00,4.1,2.57,2.98,2.56,0.0,12.21,0,none,normal
2026-03-14,15,2026-03-14 15:00,4.2,2.9,2.64,3.08,0.0,12.82,0,none,normal
2026-03-14,16,2026-03-14 16:00,4.38,2.67,3.29,2.93,0.0,13.27,0,none,normal
2026-03-14,17,2026-03-14 17:00,3.39,2.83,2.78,2.82,0.0,11.82,0,none,normal
2026-03-14,18,2026-03-14 18:00,3.99,2.68,3.15,8.41,6.7,24.93,0,none,normal
2026-03-14,19,2026-03-14 19:00,17.7,12.98,13.94,8.23,6.62,59.47,0,none,normal
2026-03-14,20,2026-03-14 20:00,18.45,11.41,14.52,8.06,0.0,52.44,0,none,normal
2026-03-14,21,2026-03-14 21:00,15.65,13.17,11.75,2.69,0.0,43.26,0,none,normal
2026-03-14,22,2026-03-14 22:00,4.01,2.26,2.59,2.44,0.0,11.3,0,none,normal
2026-03-14,23,2026-03-14 23:00,3.96,2.3,2.51,2.49,0.0,11.26,0,none,normal
2026-03-15,0,2026-03-15 00:00,0.55,0.29,0.36,0.29,0.0,1.49,0,none,normal
2026-03-15,1,2026-03-15 01:00,0.49,0.32,0.31,0.3,0.0,1.42,0,none,normal
2026-03-15,2,2026-03-15 02:00,0.5,0.28,0.33,0.24,0.0,1.35,0,none,normal
2026-03-15,3,2026-03-15 03:00,0.5,0.28,0.41,0.31,0.0,1.5,0,none,normal
2026-03-15,4,2026-03-15 04:00,0.51,0.31,0.38,0.25,0.0,1.45,0,none,normal
2026-03-15,5,2026-03-15 05:00,0.49,0.32,0.32,0.26,0.0,1.39,0,none,normal
2026-03-15,6,2026-03-15 06:00,18.31,15.36,16.45,2.39,9.88,62.39,0,none,normal
2026-03-15,7,2026-03-15 07:00,18.6,13.63,15.89,10.7,8.03,66.85,0,none,normal
2026-03-15,8,2026-03-15 08:00,23.73,12.45,15.49,8.69,0.0,60.36,0,none,normal
2026-03-15,9,2026-03-15 09:00,3.52,2.94,2.78,3.01,0.0,12.25,0,none,normal
2026-03-15,10,2026-03-15 10:00,3.39,2.38,2.54,2.38,0.0,10.69,0,none,normal
2026-03-15,11,2026-03-15 11:00,3.68,2.73,2.55,3.04,0.0,12.0,0,none,normal
2026-03-15,12,2026-03-15 12:00,4.3,2.72,2.6,8.17,0.0,17.79,0,none,normal
2026-03-15,13,2026-03-15 13:00,4.05,2.36,3.02,7.62,0.0,17.05,0,none,normal
2026-03-15,14,2026-03-15 14:00,3.67,2.33,3.24,2.83,0.0,12.07,0,none,normal
2026-03-15,15,2026-03-15 15:00,4.2,2.81,2.51,2.3,0.0,11.82,0,none,normal
2026-03-15,16,2026-03-15 16:00,3.44,2.76,2.72,2.61,0.0,11.53,0,none,normal
2026-03-15,17,2026-03-15 17:00,4.17,2.62,2.51,2.76,0.0,12.06,0,none,normal
2026-03-15,18,2026-03-15 18:00,3.58,2.32,3.31,8.3,6.95,24.46,0,none,normal
2026-03-15,19,2026-03-15 19:00,16.34,11.61,13.71,8.94,7.83,58.43,0,none,normal
2026-03-15,20,2026-03-15 20:00,16.42,12.96,13.56,8.48,0.0,51.42,0,none,normal
2026-03-15,21,2026-03-15 21:00,17.26,12.0,13.09,2.96,0.0,45.31,0,none,normal
2026-03-15,22,2026-03-15 22:00,3.93,2.58,2.95,2.86,0.0,12.32,0,none,normal
2026-03-15,23,2026-03-15 23:00,4.07,2.43,2.45,3.1,0.0,12.05,0,none,normal
2026-03-16,0,2026-03-16 00:00,0.41,0.31,0.34,0.2,0.0,1.26,0,none,normal
2026-03-16,1,2026-03-16 01:00,0.44,0.31,0.33,0.21,0.0,1.29,0,none,normal
2026-03-16,2,2026-03-16 02:00,0.44,0.31,0.34,0.21,0.0,1.3,0,none,normal
2026-03-16,3,2026-03-16 03:00,0.35,0.25,0.34,0.24,0.0,1.18,0,none,normal
2026-03-16,4,2026-03-16 04:00,0.34,0.31,0.29,0.24,0.0,1.18,0,none,normal
2026-03-16,5,2026-03-16 05:00,0.35,0.3,0.33,0.19,0.0,1.17,0,none,normal
2026-03-16,6,2026-03-16 06:00,15.38,10.56,13.47,2.46,6.71,48.58,0,none,normal
2026-03-16,7,2026-03-16 07:00,15.92,12.98,14.18,8.58,7.05,58.71,0,none,normal
2026-03-16,8,2026-03-16 08:00,17.13,11.51,14.31,8.57,0.0,51.52,0,none,normal
2026-03-16,9,2026-03-16 09:00,2.87,2.45,2.06,2.42,0.0,9.8,0,none,normal
2026-03-16,10,2026-03-16 10:00,2.73,2.42,2.53,2.5,0.0,10.18,0,none,normal
2026-03-16,11,2026-03-16 11:00,3.52,2.48,2.4,2.39,0.0,10.79,0,none,normal
2026-03-16,12,2026-03-16 12:00,2.87,2.51,2.42,7.72,0.0,15.52,0,none,normal
2026-03-16,13,2026-03-16 13:00,2.92,2.28,2.2,6.11,0.0,13.51,0,none,normal
2026-03-16,14,2026-03-16 14:00,3.26,2.43,2.63,2.23,0.0,10.55,0,none,normal
2026-03-16,15,2026-03-16 15:00,3.34,2.42,2.16,2.45,0.0,10.37,0,none,normal
2026-03-16,16,2026-03-16 16:00,2.91,1.94,2.1,2.32,0.0,9.27,0,none,normal
2026-03-16,17,2026-03-16 17:00,2.75,2.06,2.43,1.96,0.0,9.2,0,none,normal
2026-03-16,18,2026-03-16 18:00,3.45,2.07,2.44,7.97,5.16,21.09,0,none,normal
2026-03-16,19,2026-03-16 19:00,13.4,11.32,11.01,7.8,6.52,50.05,0,none,normal
2026-03-16,20,2026-03-16 20:00,12.44,9.35,12.24,6.52,0.0,40.55,0,none,normal
2026-03-16,21,2026-03-16 21:00,13.46,9.6,9.81,2.42,0.0,35.29,0,none,normal
2026-03-16,22,2026-03-16 22:00,3.65,2.33,2.11,2.19,0.0,10.28,0,none,normal
2026-03-16,23,2026-03-16 23:00,2.82,2.4,2.15,2.31,0.0,9.68,0,none,normal
2026-03-17,0,2026-03-17 00:00,0.41,0.3,0.28,0.2,0.0,1.19,0,none,normal
2026-03-17,1,2026-03-17 01:00,0.45,0.24,0.32,0.25,0.0,1.26,0,none,normal
2026-03-17,2,2026-03-17 02:00,0.42,0.3,0.27,0.26,0.0,1.25,0,none,normal
2026-03-17,3,2026-03-17 03:00,0.43,0.29,0.34,0.21,0.0,1.27,0,none,normal
2026-03-17,4,2026-03-17 04:00,0.38,0.26,0.33,0.22,0.0,1.19,0,none,normal
2026-03-17,5,2026-03-17 05:00,0.43,0.27,0.27,0.23,0.0,1.2,0,none,normal
2026-03-17,6,2026-03-17 06:00,15.76,12.56,13.19,2.46,6.7,50.67,0,none,normal
2026-03-17,7,2026-03-17 07:00,19.56,12.27,15.06,8.78,6.57,62.24,0,none,normal
2026-03-17,8,2026-03-17 08:00,15.46,11.42,14.92,7.28,0.0,49.08,0,none,normal
2026-03-17,9,2026-03-17 09:00,3.07,1.93,2.17,2.43,0.0,9.6,0,none,normal
2026-03-17,10,2026-03-17 10:00,3.17,2.04,2.67,2.35,0.0,10.23,0,none,normal
2026-03-17,11,2026-03-17 11:00,2.84,2.25,2.07,2.49,0.0,9.65,0,none,normal
2026-03-17,12,2026-03-17 12:00,3.54,2.48,2.13,6.48,0.0,14.63,0,none,normal
2026-03-17,13,2026-03-17 13:00,3.63,2.12,2.53,6.76,0.0,15.04,0,none,normal
2026-03-17,14,2026-03-17 14:00,3.56,2.32,2.49,2.35,0.0,10.72,0,none,normal
2026-03-17,15,2026-03-17 15:00,2.96,2.41,2.05,2.49,0.0,9.91,0,none,normal
2026-03-17,16,2026-03-17 16:00,2.87,2.13,2.09,2.17,0.0,9.26,0,none,normal
2026-03-17,17,2026-03-17 17:00,2.81,2.18,2.5,2.52,0.0,10.01,0,none,normal
2026-03-17,18,2026-03-17 18:00,2.8,2.35,2.7,8.62,6.48,22.95,0,none,normal
2026-03-17,19,2026-03-17 19:00,13.1,9.39,10.21,8.79,5.98,47.47,0,none,normal
2026-03-17,20,2026-03-17 20:00,15.27,9.83,10.08,6.59,0.0,41.77,0,none,normal
2026-03-17,21,2026-03-17 21:00,14.27,10.32,10.22,1.93,0.0,36.74,0,none,normal
2026-03-17,22,2026-03-17 22:00,3.09,2.49,2.3,2.2,0.0,10.08,0,none,normal
2026-03-17,23,2026-03-17 23:00,2.77,2.44,2.73,2.37,0.0,10.31,0,none,normal
2026-03-18,0,2026-03-18 00:00,0.42,0.24,0.26,0.22,0.0,1.14,0,none,normal
2026-03-18,1,2026-03-18 01:00,0.43,0.31,0.3,0.24,0.0,1.28,0,none,normal
2026-03-18,2,2026-03-18 02:00,0.44,0.24,0.34,0.21,0.0,1.23,0,none,normal
2026-03-18,3,2026-03-18 03:00,0.36,0.26,0.29,0.22,0.0,1.13,0,none,normal
2026-03-18,4,2026-03-18 04:00,0.36,0.29,0.29,0.24,0.0,1.18,0,none,normal
2026-03-18,5,2026-03-18 05:00,0.34,0.3,0.31,0.2,0.0,1.15,0,none,normal
2026-03-18,6,2026-03-18 06:00,18.22,11.46,15.13,2.55,8.05,55.41,0,none,normal
2026-03-18,7,2026-03-18 07:00,18.85,11.43,11.82,8.0,6.71,56.81,0,none,normal
2026-03-18,8,2026-03-18 08:00,19.52,10.7,15.06,7.87,0.0,53.15,0,none,normal
2026-03-18,9,2026-03-18 09:00,2.72,2.17,2.64,2.0,0.0,9.53,0,none,normal
2026-03-18,10,2026-03-18 10:00,3.65,1.93,2.2,2.57,0.0,10.35,0,none,normal
2026-03-18,11,2026-03-18 11:00,3.24,1.98,2.31,2.15,0.0,9.68,0,none,normal
2026-03-18,12,2026-03-18 12:00,3.65,2.25,2.05,7.39,0.0,15.34,0,none,normal
2026-03-18,13,2026-03-18 13:00,3.58,2.2,2.66,7.15,0.0,15.59,0,none,normal
2026-03-18,14,2026-03-18 14:00,3.16,2.14,2.29,2.28,0.0,9.87,0,none,normal
2026-03-18,15,2026-03-18 15:00,3.45,1.94,2.17,2.2,0.0,9.76,0,none,normal
2026-03-18,16,2026-03-18 16:00,3.29,2.23,2.31,2.48,0.0,10.31,0,none,normal
2026-03-18,17,2026-03-18 17:00,3.14,2.06,2.49,2.54,0.0,10.23,0,none,normal
2026-03-18,18,2026-03-18 18:00,3.68,2.4,2.11,7.99,6.21,22.39,0,none,normal
2026-03-18,19,2026-03-18 19:00,14.02,9.89,11.62,8.63,5.28,49.44,0,none,normal
2026-03-18,20,2026-03-18 20:00,14.16,10.14,9.29,7.17,0.0,40.76,0,none,normal
2026-03-18,21,2026-03-18 21:00,13.2,9.77,10.41,2.04,0.0,35.42,0,none,normal
2026-03-18,22,2026-03-18 22:00,2.84,2.51,2.7,2.19,0.0,10.24,0,none,normal
2026-03-18,23,2026-03-18 23:00,3.4,2.36,2.05,2.17,0.0,9.98,0,none,normal
2026-03-19,0,2026-03-19 00:00,0.37,0.31,0.28,0.25,0.0,1.21,0,none,normal
2026-03-19,1,2026-03-19 01:00,0.39,0.25,0.34,0.22,0.0,1.2,0,none,normal
2026-03-19,2,2026-03-19 02:00,0.36,0.26,0.33,0.25,0.0,1.2,0,none,normal
2026-03-19,3,2026-03-19 03:00,0.38,0.31,0.34,0.21,0.0,1.24,0,none,normal
2026-03-19,4,2026-03-19 04:00,0.36,0.29,0.33,0.25,0.0,1.23,0,none,normal
2026-03-19,5,2026-03-19 05:00,0.36,0.29,0.34,0.2,0.0,1.19,0,none,normal
2026-03-19,6,2026-03-19 06:00,17.69,11.87,11.61,2.45,7.51,51.13,0,none,normal
2026-03-19,7,2026-03-19 07:00,18.29,13.13,14.56,8.41,6.96,61.35,0,none,normal
2026-03-19,8,2026-03-19 08:00,17.88,13.73,12.03,7.11,0.0,50.75,0,none,normal
2026-03-19,9,2026-03-19 09:00,3.32,2.26,2.06,2.39,0.0,10.03,0,none,normal
2026-03-19,10,2026-03-19 10:00,2.8,2.12,2.57,2.0,0.0,9.49,0,none,normal
2026-03-19,11,2026-03-19 11:00,3.33,2.11,2.21,2.52,0.0,10.17,0,none,normal
2026-03-19,12,2026-03-19 12:00,3.23,2.03,2.6,7.33,0.0,15.19,0,none,normal
2026-03-19,13,2026-03-19 13:00,3.35,2.05,2.71,7.01,0.0,15.12,0,none,normal
2026-03-19,14,2026-03-19 14:00,3.28,1.94,2.37,2.31,0.0,9.9,0,none,normal
2026-03-19,15,2026-03-19 15:00,2.99,2.46,2.11,2.25,0.0,9.81,0,none,normal
2026-03-19,16,2026-03-19 16:00,3.52,2.13,2.39,1.93,0.0,9.97,0,none,normal
2026-03-19,17,2026-03-19 17:00,3.64,1.92,2.53,2.17,0.0,10.26,0,none,normal
2026-03-19,18,2026-03-19 18:00,3.59,2.4,2.17,6.53,5.42,20.11,0,none,normal
2026-03-19,19,2026-03-19 19:00,14.69,10.22,9.28,8.74,6.89,49.82,0,none,normal
2026-03-19,20,2026-03-19 20:00,14.33,10.24,10.95,6.87,0.0,42.39,0,none,normal
2026-03-19,21,2026-03-19 21:00,16.24,8.99,9.28,1.93,0.0,36.44,0,none,normal
2026-03-19,22,2026-03-19 22:00,2.87,2.44,2.12,2.06,0.0,9.49,0,none,normal
2026-03-19,23,2026-03-19 23:00,2.93,2.35,2.72,2.09,0.0,10.09,0,none,normal
2026-03-20,0,2026-03-20 00:00,0.45,0.26,0.3,0.21,0.0,1.22,0,none,normal
2026-03-20,1,2026-03-20 01:00,0.4,0.28,0.29,0.2,0.0,1.17,0,none,normal
2026-03-20,2,2026-03-20 02:00,0.42,0.31,0.28,0.22,0.0,1.23,0,none,normal
2026-03-20,3,2026-03-20 03:00,0.43,0.26,0.33,0.26,0.0,1.28,0,none,normal
2026-03-20,4,2026-03-20 04:00,0.45,0.27,0.32,0.25,0.0,1.29,0,none,normal
2026-03-20,5,2026-03-20 05:00,0.41,0.27,0.31,0.22,0.0,1.21,0,none,normal
2026-03-20,6,2026-03-20 06:00,15.3,10.89,11.35,2.26,7.7,47.5,0,none,normal
2026-03-20,7,2026-03-20 07:00,16.51,13.29,13.77,9.23,7.17,59.97,0,none,normal
2026-03-20,8,2026-03-20 08:00,15.12,10.94,12.5,8.81,0.0,47.37,0,none,normal
2026-03-20,9,2026-03-20 09:00,2.79,2.3,2.31,2.44,0.0,9.84,0,none,normal
2026-03-20,10,2026-03-20 10:00,3.03,1.88,2.28,2.23,0.0,9.42,0,none,normal
2026-03-20,11,2026-03-20 11:00,3.58,2.24,2.32,2.32,0.0,10.46,0,none,normal
2026-03-20,12,2026-03-20 12:00,2.82,2.05,2.48,7.53,0.0,14.88,0,none,normal
2026-03-20,13,2026-03-20 13:00,2.79,2.46,2.34,7.27,0.0,14.86,0,none,normal
2026-03-20,14,2026-03-20 14:00,3.03,2.0,2.62,2.25,0.0,9.9,0,none,normal
2026-03-20,15,2026-03-20 15:00,3.12,1.95,2.16,2.13,0.0,9.36,0,none,normal
2026-03-20,16,2026-03-20 16:00,3.27,2.06,2.5,2.49,0.0,10.32,0,none,normal
2026-03-20,17,2026-03-20 17:00,3.6,2.06,2.65,2.18,0.0,10.49,0,none,normal
2026-03-20,18,2026-03-20 18:00,3.6,1.9,2.5,6.66,5.27,19.93,0,none,normal
2026-03-20,19,2026-03-20 19:00,15.71,10.56,10.07,8.23,5.82,50.39,0,none,normal
2026-03-20,20,2026-03-20 20:00,14.64,9.35,11.16,7.41,0.0,42.56,0,none,normal
2026-03-20,21,2026-03-20 21:00,14.2,10.94,12.31,1.99,0.0,39.44,0,none,normal
2026-03-20,22,2026-03-20 22:00,3.31,1.89,2.07,1.92,0.0,9.19,0,none,normal
2026-03-20,23,2026-03-20 23:00,3.03,2.32,2.35,2.03,0.0,9.73,0,none,normal
2026-03-21,0,2026-03-21 00:00,0.54,0.32,0.4,0.31,0.0,1.57,0,none,normal
2026-03-21,1,2026-03-21 01:00,0.53,0.31,0.39,0.24,0.0,1.47,0,none,normal
2026-03-21,2,2026-03-21 02:00,0.42,0.31,0.37,0.3,0.0,1.4,0,none,normal
2026-03-21,3,2026-03-21 03:00,0.43,0.29,0.36,0.24,0.0,1.32,0,none,normal
2026-03-21,4,2026-03-21 04:00,0.52,0.37,0.41,0.26,0.0,1.56,0,none,normal
2026-03-21,5,2026-03-21 05:00,0.43,0.33,0.37,0.28,0.0,1.41,0,none,normal
2026-03-21,6,2026-03-21 06:00,19.99,15.53,14.54,2.51,8.45,61.02,0,none,normal
2026-03-21,7,2026-03-21 07:00,18.48,14.77,17.61,10.19,9.64,70.69,0,none,normal
2026-03-21,8,2026-03-21 08:00,19.26,12.68,18.08,8.44,0.0,58.46,0,none,normal
2026-03-21,9,2026-03-21 09:00,3.51,2.89,2.61,2.38,0.0,11.39,0,none,normal
2026-03-21,10,2026-03-21 10:00,3.94,2.66,3.19,2.91,0.0,12.7,0,none,normal
2026-03-21,11,2026-03-21 11:00,3.79,2.37,2.88,3.04,0.0,12.08,0,none,normal
2026-03-21,12,2026-03-21 12:00,3.68,3.02,3.2,8.13,0.0,18.03,0,none,normal
2026-03-21,13,2026-03-21 13:00,3.48,2.46,2.59,7.63,0.0,16.16,0,none,normal
2026-03-21,14,2026-03-21 14:00,4.01,2.36,3.21,2.9,0.0,12.48,0,none,normal
2026-03-21,15,2026-03-21 15:00,4.29,2.39,2.47,2.83,0.0,11.98,0,none,normal
2026-03-21,16,2026-03-21 16:00,3.57,2.98,2.52,2.64,0.0,11.71,0,none,normal
2026-03-21,17,2026-03-21 17:00,3.84,2.65,2.49,2.52,0.0,11.5,0,none,normal
2026-03-21,18,2026-03-21 18:00,4.01,2.82,2.81,8.61,6.99,25.24,0,none,normal
2026-03-21,19,2026-03-21 19:00,17.77,11.99,12.94,9.0,7.59,59.29,0,none,normal
2026-03-21,20,2026-03-21 20:00,18.04,13.52,11.87,7.95,0.0,51.38,0,none,normal
2026-03-21,21,2026-03-21 21:00,16.07,10.33,11.41,2.48,0.0,40.29,0,none,normal
2026-03-21,22,2026-03-21 22:00,4.09,2.55,2.54,2.89,0.0,12.07,0,none,normal
2026-03-21,23,2026-03-21 23:00,3.57,2.41,3.13,2.58,0.0,11.69,0,none,normal
2026-03-22,0,2026-03-22 00:00,0.49,0.35,0.32,0.27,0.0,1.43,0,none,normal
2026-03-22,1,2026-03-22 01:00,0.48,0.31,28.4,0.25,0.0,29.44,1,bathroom2,MEDIUM
2026-03-22,2,2026-03-22 02:00,0.42,0.3,0.4,0.24,0.0,1.36,0,none,normal
2026-03-22,3,2026-03-22 03:00,0.48,0.31,0.33,0.25,0.0,1.37,0,none,normal
2026-03-22,4,2026-03-22 04:00,0.51,0.36,0.37,0.31,0.0,1.55,0,none,normal
2026-03-22,5,2026-03-22 05:00,0.48,0.31,0.32,0.3,0.0,1.41,0,none,normal
2026-03-22,6,2026-03-22 06:00,24.23,15.98,15.96,2.43,8.05,66.65,0,none,normal
2026-03-22,7,2026-03-22 07:00,18.55,13.67,16.96,9.58,9.63,68.39,0,none,normal
2026-03-22,8,2026-03-22 08:00,24.22,13.46,15.78,9.32,0.0,62.78,0,none,normal
2026-03-22,9,2026-03-22 09:00,3.67,2.81,3.22,2.92,0.0,12.62,0,none,normal
2026-03-22,10,2026-03-22 10:00,4.3,2.72,2.55,2.85,0.0,12.42,0,none,normal
2026-03-22,11,2026-03-22 11:00,3.29,3.02,3.19,2.83,0.0,12.33,0,none,normal
2026-03-22,12,2026-03-22 12:00,3.84,2.44,3.09,9.25,0.0,18.62,0,none,normal
2026-03-22,13,2026-03-22 13:00,4.12,2.4,3.27,8.44,0.0,18.23,0,none,normal
2026-03-22,14,2026-03-22 14:00,4.27,2.78,3.22,2.66,0.0,12.93,0,none,normal
2026-03-22,15,2026-03-22 15:00,3.87,2.45,3.03,3.01,0.0,12.36,0,none,normal
2026-03-22,16,2026-03-22 16:00,3.74,3.03,2.72,2.33,0.0,11.82,0,none,normal
2026-03-22,17,2026-03-22 17:00,3.66,2.73,2.82,2.66,0.0,11.87,0,none,normal
2026-03-22,18,2026-03-22 18:00,4.18,2.47,3.29,9.18,7.6,26.72,0,none,normal
2026-03-22,19,2026-03-22 19:00,17.11,10.63,14.77,9.52,7.55,59.58,0,none,normal
2026-03-22,20,2026-03-22 20:00,16.26,11.13,14.13,7.85,0.0,49.37,0,none,normal
2026-03-22,21,2026-03-22 21:00,16.16,12.21,11.22,2.54,0.0,42.13,0,none,normal
2026-03-22,22,2026-03-22 22:00,4.02,2.24,2.67,2.58,0.0,11.51,0,none,normal
2026-03-22,23,2026-03-22 23:00,4.25,2.77,3.11,2.42,0.0,12.55,0,none,normal
2026-03-23,0,2026-03-23 00:00,0.37,0.32,0.27,0.23,0.0,1.19,0,none,normal
2026-03-23,1,2026-03-23 01:00,0.37,0.27,0.29,0.25,0.0,1.18,0,none,normal
2026-03-23,2,2026-03-23 02:00,0.39,0.31,0.26,0.21,0.0,1.17,0,none,normal
2026-03-23,3,2026-03-23 03:00,0.38,0.28,0.32,0.21,0.0,1.19,0,none,normal
2026-03-23,4,2026-03-23 04:00,0.42,0.25,0.27,0.23,0.0,1.17,0,none,normal
2026-03-23,5,2026-03-23 05:00,0.35,0.28,0.31,0.23,0.0,1.17,0,none,normal
2026-03-23,6,2026-03-23 06:00,19.58,11.87,11.77,2.21,7.08,52.51,0,none,normal
2026-03-23,7,2026-03-23 07:00,19.9,12.87,13.07,7.92,7.32,61.08,0,none,normal
2026-03-23,8,2026-03-23 08:00,17.13,10.39,13.43,9.21,0.0,50.16,0,none,normal
2026-03-23,9,2026-03-23 09:00,3.45,2.28,2.26,2.08,0.0,10.07,0,none,normal
2026-03-23,10,2026-03-23 10:00,2.84,2.23,2.45,2.11,0.0,9.63,0,none,normal
2026-03-23,11,2026-03-23 11:00,3.1,2.14,2.04,2.46,0.0,9.74,0,none,normal
2026-03-23,12,2026-03-23 12:00,3.16,1.91,2.08,7.42,0.0,14.57,0,none,normal
2026-03-23,13,2026-03-23 13:00,3.04,1.93,2.25,6.71,0.0,13.93,0,none,normal
2026-03-23,14,2026-03-23 14:00,2.78,2.36,2.53,2.41,0.0,10.08,0,none,normal
2026-03-23,15,2026-03-23 15:00,2.92,1.97,2.57,2.25,0.0,9.71,0,none,normal
2026-03-23,16,2026-03-23 16:00,3.37,2.43,2.26,2.12,0.0,10.18,0,none,normal
2026-03-23,17,2026-03-23 17:00,2.73,2.19,2.54,1.99,0.0,9.45,0,none,normal
2026-03-23,18,2026-03-23 18:00,3.3,1.95,2.11,6.97,5.95,20.28,0,none,normal
2026-03-23,19,2026-03-23 19:00,15.84,9.73,9.36,6.78,5.83,47.54,0,none,normal
2026-03-23,20,2026-03-23 20:00,16.49,10.85,11.91,7.76,0.0,47.01,0,none,normal
2026-03-23,21,2026-03-23 21:00,15.18,10.97,11.18,2.2,0.0,39.53,0,none,normal
2026-03-23,22,2026-03-23 22:00,2.9,2.41,2.51,2.03,0.0,9.85,0,none,normal
2026-03-23,23,2026-03-23 23:00,3.24,2.18,2.25,2.36,0.0,10.03,0,none,normal
2026-03-24,0,2026-03-24 00:00,0.4,0.29,0.29,0.24,0.0,1.22,0,none,normal
2026-03-24,1,2026-03-24 01:00,0.39,0.27,0.26,0.22,0.0,1.14,0,none,normal
2026-03-24,2,2026-03-24 02:00,0.34,0.26,0.31,0.25,0.0,1.16,0,none,normal
2026-03-24,3,2026-03-24 03:00,0.35,0.31,0.34,0.22,0.0,1.22,0,none,normal
2026-03-24,4,2026-03-24 04:00,0.37,0.31,0.29,0.25,0.0,1.22,0,none,normal
2026-03-24,5,2026-03-24 05:00,0.38,0.29,0.29,0.2,0.0,1.16,0,none,normal
2026-03-24,6,2026-03-24 06:00,16.82,12.9,12.56,2.4,8.15,52.83,0,none,normal
2026-03-24,7,2026-03-24 07:00,16.43,13.05,12.42,7.84,8.44,58.18,0,none,normal
2026-03-24,8,2026-03-24 08:00,18.37,11.65,13.09,8.49,0.0,51.6,0,none,normal
2026-03-24,9,2026-03-24 09:00,3.61,2.38,2.42,2.0,0.0,10.41,0,none,normal
2026-03-24,10,2026-03-24 10:00,3.64,2.1,2.48,2.19,0.0,10.41,0,none,normal
2026-03-24,11,2026-03-24 11:00,3.54,1.98,2.11,1.98,0.0,9.61,0,none,normal
2026-03-24,12,2026-03-24 12:00,3.18,2.37,2.75,7.37,0.0,15.67,0,none,normal
2026-03-24,13,2026-03-24 13:00,2.95,2.46,2.17,7.54,0.0,15.12,0,none,normal
2026-03-24,14,2026-03-24 14:00,3.12,1.91,2.48,1.99,0.0,9.5,0,none,normal
2026-03-24,15,2026-03-24 15:00,2.79,2.37,2.48,2.48,0.0,10.12,0,none,normal
2026-03-24,16,2026-03-24 16:00,3.03,2.33,2.31,2.58,0.0,10.25,0,none,normal
2026-03-24,17,2026-03-24 17:00,2.91,2.04,2.36,2.11,0.0,9.42,0,none,normal
2026-03-24,18,2026-03-24 18:00,2.88,2.41,2.62,6.94,6.15,21.0,0,none,normal
2026-03-24,19,2026-03-24 19:00,14.96,10.4,9.84,8.36,6.71,50.27,0,none,normal
2026-03-24,20,2026-03-24 20:00,13.79,9.63,10.95,6.67,0.0,41.04,0,none,normal
2026-03-24,21,2026-03-24 21:00,15.39,11.12,11.26,2.25,0.0,40.02,0,none,normal
2026-03-24,22,2026-03-24 22:00,3.27,2.18,2.29,2.33,0.0,10.07,0,none,normal
2026-03-24,23,2026-03-24 23:00,2.85,1.91,2.35,2.17,0.0,9.28,0,none,normal
2026-03-25,0,2026-03-25 00:00,0.35,0.3,0.28,0.2,0.0,1.13,0,none,normal
2026-03-25,1,2026-03-25 01:00,0.41,0.26,0.28,0.25,0.0,1.2,0,none,normal
2026-03-25,2,2026-03-25 02:00,0.37,0.29,0.26,0.25,0.0,1.17,0,none,normal
2026-03-25,3,2026-03-25 03:00,0.35,0.28,0.33,0.25,0.0,1.21,0,none,normal
2026-03-25,4,2026-03-25 04:00,0.39,0.24,0.32,0.2,0.0,1.15,0,none,normal
2026-03-25,5,2026-03-25 05:00,0.45,0.26,0.26,0.21,0.0,1.18,0,none,normal
2026-03-25,6,2026-03-25 06:00,16.73,13.06,11.77,2.28,8.03,51.87,0,none,normal
2026-03-25,7,2026-03-25 07:00,19.84,12.69,14.7,7.46,6.54,61.23,0,none,normal
2026-03-25,8,2026-03-25 08:00,19.97,13.57,14.0,8.75,0.0,56.29,0,none,normal
2026-03-25,9,2026-03-25 09:00,3.66,2.5,2.47,2.33,0.0,10.96,0,none,normal
2026-03-25,10,2026-03-25 10:00,3.25,2.49,2.23,1.94,0.0,9.91,0,none,normal
2026-03-25,11,2026-03-25 11:00,3.21,2.3,2.35,2.12,0.0,9.98,0,none,normal
2026-03-25,12,2026-03-25 12:00,3.65,1.88,2.08,7.3,0.0,14.91,0,none,normal
2026-03-25,13,2026-03-25 13:00,3.23,2.44,2.53,7.23,0.0,15.43,0,none,normal
2026-03-25,14,2026-03-25 14:00,2.77,2.38,2.54,2.2,0.0,9.89,0,none,normal
2026-03-25,15,2026-03-25 15:00,2.85,2.16,2.69,2.58,0.0,10.28,0,none,normal
2026-03-25,16,2026-03-25 16:00,2.91,2.16,2.08,2.07,0.0,9.22,0,none,normal
2026-03-25,17,2026-03-25 17:00,2.94,2.36,2.68,2.45,0.0,10.43,0,none,normal
2026-03-25,18,2026-03-25 18:00,3.67,1.88,2.56,8.37,5.24,21.72,0,none,normal
2026-03-25,19,2026-03-25 19:00,12.79,8.95,9.32,7.3,6.28,44.64,0,none,normal
2026-03-25,20,2026-03-25 20:00,13.3,9.28,11.14,7.6,0.0,41.32,0,none,normal
2026-03-25,21,2026-03-25 21:00,12.57,9.16,10.94,2.25,0.0,34.92,0,none,normal
2026-03-25,22,2026-03-25 22:00,3.06,2.47,2.2,2.39,0.0,10.12,0,none,normal
2026-03-25,23,2026-03-25 23:00,3.47,2.06,2.51,2.27,0.0,10.31,0,none,normal
2026-03-26,0,2026-03-26 00:00,0.42,0.28,0.26,0.25,0.0,1.21,0,none,normal
2026-03-26,1,2026-03-26 01:00,0.41,0.26,0.27,0.2,0.0,1.14,0,none,normal
2026-03-26,2,2026-03-26 02:00,0.37,0.29,0.27,0.22,0.0,1.15,0,none,normal
2026-03-26,3,2026-03-26 03:00,0.36,0.31,0.32,0.24,0.0,1.23,0,none,normal
2026-03-26,4,2026-03-26 04:00,0.35,0.27,0.26,0.21,0.0,1.09,0,none,normal
2026-03-26,5,2026-03-26 05:00,0.44,0.24,0.28,0.23,0.0,1.19,0,none,normal
2026-03-26,6,2026-03-26 06:00,19.52,11.68,11.4,2.05,6.79,51.44,0,none,normal
2026-03-26,7,2026-03-26 07:00,17.24,10.47,12.43,8.2,7.16,55.5,0,none,normal
2026-03-26,8,2026-03-26 08:00,15.1,12.49,14.76,9.13,0.0,51.48,0,none,normal
2026-03-26,9,2026-03-26 09:00,3.5,2.26,2.59,2.14,0.0,10.49,0,none,normal
2026-03-26,10,2026-03-26 10:00,3.14,2.15,2.57,2.41,0.0,10.27,0,none,normal
2026-03-26,11,2026-03-26 11:00,2.82,2.13,2.56,2.37,0.0,9.88,0,none,normal
2026-03-26,12,2026-03-26 12:00,3.62,2.18,2.45,6.89,0.0,15.14,0,none,normal
2026-03-26,13,2026-03-26 13:00,2.88,2.12,2.58,7.61,0.0,15.19,0,none,normal
2026-03-26,14,2026-03-26 14:00,2.73,2.4,2.72,1.97,0.0,9.82,0,none,normal
2026-03-26,15,2026-03-26 15:00,3.24,2.09,2.32,2.33,0.0,9.98,0,none,normal
2026-03-26,16,2026-03-26 16:00,3.35,2.39,2.62,2.32,0.0,10.68,0,none,normal
2026-03-26,17,2026-03-26 17:00,3.27,2.08,2.23,2.03,0.0,9.61,0,none,normal
2026-03-26,18,2026-03-26 18:00,3.14,2.18,2.74,7.6,6.62,22.28,0,none,normal
2026-03-26,19,2026-03-26 19:00,13.18,8.59,12.22,7.14,6.2,47.33,0,none,normal
2026-03-26,20,2026-03-26 20:00,13.6,8.61,9.76,8.26,0.0,40.23,0,none,normal
2026-03-26,21,2026-03-26 21:00,15.99,8.79,11.22,2.01,0.0,38.01,0,none,normal
2026-03-26,22,2026-03-26 22:00,2.77,1.95,2.07,2.37,0.0,9.16,0,none,normal
2026-03-26,23,2026-03-26 23:00,3.28,1.9,2.56,1.95,0.0,9.69,0,none,normal
2026-03-27,0,2026-03-27 00:00,0.37,0.25,0.32,0.25,0.0,1.19,0,none,normal
2026-03-27,1,2026-03-27 01:00,0.43,0.28,0.29,0.2,0.0,1.2,0,none,normal
2026-03-27,2,2026-03-27 02:00,0.4,0.25,0.28,0.22,0.0,1.15,0,none,normal
2026-03-27,3,2026-03-27 03:00,0.39,0.29,0.33,0.2,0.0,1.21,0,none,normal
2026-03-27,4,2026-03-27 04:00,0.43,0.26,0.29,0.24,0.0,1.22,0,none,normal
2026-03-27,5,2026-03-27 05:00,0.46,0.29,0.27,0.19,0.0,1.21,0,none,normal
2026-03-27,6,2026-03-27 06:00,19.77,10.38,13.63,2.46,7.52,53.76,0,none,normal
2026-03-27,7,2026-03-27 07:00,19.08,12.13,13.52,7.72,6.86,59.31,0,none,normal
2026-03-27,8,2026-03-27 08:00,19.35,10.4,14.1,7.81,0.0,51.66,0,none,normal
2026-03-27,9,2026-03-27 09:00,2.8,1.92,2.71,2.06,0.0,9.49,0,none,normal
2026-03-27,10,2026-03-27 10:00,3.27,2.23,2.34,2.41,0.0,10.25,0,none,normal
2026-03-27,11,2026-03-27 11:00,3.23,1.9,2.38,2.27,0.0,9.78,0,none,normal
2026-03-27,12,2026-03-27 12:00,2.98,2.42,2.25,6.23,0.0,13.88,0,none,normal
2026-03-27,13,2026-03-27 13:00,3.46,2.11,2.37,7.25,0.0,15.19,0,none,normal
2026-03-27,14,2026-03-27 14:00,2.95,2.35,2.67,2.16,0.0,10.13,0,none,normal
2026-03-27,15,2026-03-27 15:00,3.21,2.47,2.51,2.32,0.0,10.51,0,none,normal
2026-03-27,16,2026-03-27 16:00,3.12,2.25,2.64,2.0,0.0,10.01,0,none,normal
2026-03-27,17,2026-03-27 17:00,3.47,2.14,2.46,2.01,0.0,10.08,0,none,normal
2026-03-27,18,2026-03-27 18:00,3.0,2.08,2.1,7.47,6.87,21.52,0,none,normal
2026-03-27,19,2026-03-27 19:00,14.73,10.29,11.68,8.57,6.68,51.95,0,none,normal
2026-03-27,20,2026-03-27 20:00,12.31,8.77,10.03,7.78,0.0,38.89,0,none,normal
2026-03-27,21,2026-03-27 21:00,15.45,8.79,9.29,2.2,0.0,35.73,0,none,normal
2026-03-27,22,2026-03-27 22:00,3.67,1.96,2.66,2.53,0.0,10.82,0,none,normal
2026-03-27,23,2026-03-27 23:00,3.06,2.14,2.44,2.39,0.0,10.03,0,none,normal
2026-03-28,0,2026-03-28 00:00,0.54,0.37,0.37,0.28,0.0,1.56,0,none,normal
2026-03-28,1,2026-03-28 01:00,0.41,0.35,0.34,0.27,0.0,1.37,0,none,normal
2026-03-28,2,2026-03-28 02:00,0.47,0.36,0.34,0.27,0.0,1.44,0,none,normal
2026-03-28,3,2026-03-28 03:00,0.43,0.36,0.4,0.31,0.0,1.5,0,none,normal
2026-03-28,4,2026-03-28 04:00,25.54,0.34,0.35,0.28,0.0,26.51,1,bathroom1,MEDIUM
2026-03-28,5,2026-03-28 05:00,0.47,0.33,0.37,0.31,0.0,1.48,0,none,normal
2026-03-28,6,2026-03-28 06:00,19.84,13.83,16.14,3.02,9.22,62.05,0,none,normal
2026-03-28,7,2026-03-28 07:00,23.3,14.2,15.0,9.19,8.13,69.82,0,none,normal
2026-03-28,8,2026-03-28 08:00,18.86,15.89,16.95,11.15,0.0,62.85,0,none,normal
2026-03-28,9,2026-03-28 09:00,3.86,2.7,2.98,2.38,0.0,11.92,0,none,normal
2026-03-28,10,2026-03-28 10:00,3.4,2.46,2.83,3.01,0.0,11.7,0,none,normal
2026-03-28,11,2026-03-28 11:00,4.32,3.03,3.1,3.04,0.0,13.49,0,none,normal
2026-03-28,12,2026-03-28 12:00,3.43,2.41,3.17,8.72,0.0,17.73,0,none,normal
2026-03-28,13,2026-03-28 13:00,4.3,3.0,2.91,8.83,0.0,19.04,0,none,normal
2026-03-28,14,2026-03-28 14:00,4.22,2.26,2.62,3.06,0.0,12.16,0,none,normal
2026-03-28,15,2026-03-28 15:00,4.11,2.66,3.17,2.53,0.0,12.47,0,none,normal
2026-03-28,16,2026-03-28 16:00,4.08,2.91,2.83,2.65,0.0,12.47,0,none,normal
2026-03-28,17,2026-03-28 17:00,4.26,3.03,3.08,2.39,0.0,12.76,0,none,normal
2026-03-28,18,2026-03-28 18:00,3.36,2.87,3.08,8.7,7.22,25.23,0,none,normal
2026-03-28,19,2026-03-28 19:00,16.12,12.35,13.01,9.94,7.65,59.07,0,none,normal
2026-03-28,20,2026-03-28 20:00,16.32,13.39,12.7,10.37,0.0,52.78,0,none,normal
2026-03-28,21,2026-03-28 21:00,16.33,13.1,13.59,3.01,0.0,46.03,0,none,normal
2026-03-28,22,2026-03-28 22:00,3.99,2.25,2.57,2.6,0.0,11.41,0,none,normal
2026-03-28,23,2026-03-28 23:00,4.04,2.45,2.58,2.95,0.0,12.02,0,none,normal
2026-03-29,0,2026-03-29 00:00,0.45,0.3,0.4,0.31,0.0,1.46,0,none,normal
2026-03-29,1,2026-03-29 01:00,0.52,0.28,0.31,0.27,0.0,1.38,0,none,normal
2026-03-29,2,2026-03-29 02:00,0.43,0.32,0.33,0.26,0.0,1.34,0,none,normal
2026-03-29,3,2026-03-29 03:00,0.5,0.33,0.38,0.24,0.0,1.45,0,none,normal
2026-03-29,4,2026-03-29 04:00,0.44,0.31,0.36,0.29,0.0,1.4,0,none,normal
2026-03-29,5,2026-03-29 05:00,0.46,0.33,0.32,0.24,0.0,1.35,0,none,normal
2026-03-29,6,2026-03-29 06:00,22.74,13.59,18.07,2.56,9.44,66.4,0,none,normal
2026-03-29,7,2026-03-29 07:00,18.69,14.37,14.98,8.59,9.53,66.16,0,none,normal
2026-03-29,8,2026-03-29 08:00,22.42,15.71,15.76,10.61,0.0,64.5,0,none,normal
2026-03-29,9,2026-03-29 09:00,3.74,2.43,2.7,2.71,0.0,11.58,0,none,normal
2026-03-29,10,2026-03-29 10:00,4.17,2.29,3.11,2.51,0.0,12.08,0,none,normal
2026-03-29,11,2026-03-29 11:00,3.71,2.59,2.79,3.03,0.0,12.12,0,none,normal
2026-03-29,12,2026-03-29 12:00,4.1,2.51,3.16,7.63,0.0,17.4,0,none,normal
2026-03-29,13,2026-03-29 13:00,3.92,2.38,2.63,8.4,0.0,17.33,0,none,normal
2026-03-29,14,2026-03-29 14:00,3.97,2.51,2.97,2.31,0.0,11.76,0,none,normal
2026-03-29,15,2026-03-29 15:00,4.19,2.32,3.06,3.03,0.0,12.6,0,none,normal
2026-03-29,16,2026-03-29 16:00,3.9,2.76,2.9,2.59,0.0,12.15,0,none,normal
2026-03-29,17,2026-03-29 17:00,3.44,2.67,3.19,2.48,0.0,11.78,0,none,normal
2026-03-29,18,2026-03-29 18:00,4.31,2.51,2.63,9.82,8.15,27.42,0,none,normal
2026-03-29,19,2026-03-29 19:00,14.88,10.17,14.67,8.09,6.98,54.79,0,none,normal
2026-03-29,20,2026-03-29 20:00,17.2,10.66,12.19,8.44,0.0,48.49,0,none,normal
2026-03-29,21,2026-03-29 21:00,15.97,11.07,11.5,2.93,0.0,41.47,0,none,normal
2026-03-29,22,2026-03-29 22:00,3.42,2.83,2.68,2.36,0.0,11.29,0,none,normal
2026-03-29,23,2026-03-29 23:00,4.1,2.85,2.81,2.31,0.0,12.07,0,none,normal
2026-03-30,0,2026-03-30 00:00,0.41,0.25,0.32,0.24,0.0,1.22,0,none,normal
2026-03-30,1,2026-03-30 01:00,0.41,0.26,0.28,0.23,0.0,1.18,0,none,normal
2026-03-30,2,2026-03-30 02:00,0.37,0.25,0.28,0.24,0.0,1.14,0,none,normal
2026-03-30,3,2026-03-30 03:00,0.37,0.24,0.34,0.23,0.0,1.18,0,none,normal
2026-03-30,4,2026-03-30 04:00,0.45,0.28,0.28,0.19,0.0,1.2,0,none,normal
2026-03-30,5,2026-03-30 05:00,0.39,0.26,0.3,0.2,0.0,1.15,0,none,normal
2026-03-30,6,2026-03-30 06:00,20.11,11.73,12.14,2.16,7.64,53.78,0,none,normal
2026-03-30,7,2026-03-30 07:00,18.35,11.49,14.43,9.26,6.59,60.12,0,none,normal
2026-03-30,8,2026-03-30 08:00,15.85,13.42,13.16,7.49,0.0,49.92,0,none,normal
2026-03-30,9,2026-03-30 09:00,3.31,2.18,2.56,2.29,0.0,10.34,0,none,normal
2026-03-30,10,2026-03-30 10:00,3.46,2.04,2.26,2.14,0.0,9.9,0,none,normal
2026-03-30,11,2026-03-30 11:00,3.03,2.24,2.33,1.92,0.0,9.52,0,none,normal
2026-03-30,12,2026-03-30 12:00,3.44,2.39,2.43,6.37,0.0,14.63,0,none,normal
2026-03-30,13,2026-03-30 13:00,3.03,2.34,2.41,7.48,0.0,15.26,0,none,normal
2026-03-30,14,2026-03-30 14:00,2.8,1.94,2.54,2.17,0.0,9.45,0,none,normal
2026-03-30,15,2026-03-30 15:00,2.88,2.36,2.16,2.21,0.0,9.61,0,none,normal
2026-03-30,16,2026-03-30 16:00,2.76,2.15,2.16,2.45,0.0,9.52,0,none,normal
2026-03-30,17,2026-03-30 17:00,3.44,2.23,2.33,2.11,0.0,10.11,0,none,normal
2026-03-30,18,2026-03-30 18:00,3.0,2.48,2.53,7.7,6.21,21.92,0,none,normal
2026-03-30,19,2026-03-30 19:00,13.85,10.35,9.64,7.7,5.47,47.01,0,none,normal
2026-03-30,20,2026-03-30 20:00,14.89,10.54,10.86,7.08,0.0,43.37,0,none,normal
2026-03-30,21,2026-03-30 21:00,16.28,11.17,11.51,2.49,0.0,41.45,0,none,normal
2026-03-30,22,2026-03-30 22:00,3.22,2.42,2.05,2.19,0.0,9.88,0,none,normal
2026-03-30,23,2026-03-30 23:00,2.78,2.51,2.26,2.04,0.0,9.59,0,none,normal
2026-03-31,0,2026-03-31 00:00,0.4,0.26,0.26,0.22,0.0,1.14,0,none,normal
2026-03-31,1,2026-03-31 01:00,0.38,0.28,0.28,0.23,0.0,1.17,0,none,normal
2026-03-31,2,2026-03-31 02:00,0.37,0.3,0.33,0.23,0.0,1.23,0,none,normal
2026-03-31,3,2026-03-31 03:00,0.41,0.27,0.28,0.23,0.0,1.19,0,none,normal
2026-03-31,4,2026-03-31 04:00,0.35,0.25,0.32,0.21,0.0,1.13,0,none,normal
2026-03-31,5,2026-03-31 05:00,0.35,0.3,0.31,0.24,0.0,1.2,0,none,normal
2026-03-31,6,2026-03-31 06:00,19.04,12.43,12.32,2.46,8.34,54.59,0,none,normal
2026-03-31,7,2026-03-31 07:00,18.49,12.0,11.89,8.79,8.6,59.77,0,none,normal
2026-03-31,8,2026-03-31 08:00,15.44,13.2,11.8,7.29,0.0,47.73,0,none,normal
2026-03-31,9,2026-03-31 09:00,3.03,2.46,2.08,2.26,0.0,9.83,0,none,normal
2026-03-31,10,2026-03-31 10:00,3.36,2.09,2.4,1.99,0.0,9.84,0,none,normal
2026-03-31,11,2026-03-31 11:00,3.08,2.12,2.38,2.12,0.0,9.7,0,none,normal
2026-03-31,12,2026-03-31 12:00,3.23,2.45,2.65,7.67,0.0,16.0,0,none,normal
2026-03-31,13,2026-03-31 13:00,3.52,2.34,2.64,6.87,0.0,15.37,0,none,normal
2026-03-31,14,2026-03-31 14:00,3.48,2.32,2.44,2.21,0.0,10.45,0,none,normal
2026-03-31,15,2026-03-31 15:00,2.74,2.11,2.38,2.36,0.0,9.59,0,none,normal
2026-03-31,16,2026-03-31 16:00,2.93,2.24,2.76,2.55,0.0,10.48,0,none,normal
2026-03-31,17,2026-03-31 17:00,2.89,2.36,2.05,2.21,0.0,9.51,0,none,normal
2026-03-31,18,2026-03-31 18:00,2.73,2.07,2.11,7.35,5.56,19.82,0,none,normal
2026-03-31,19,2026-03-31 19:00,16.22,10.22,9.29,7.13,5.96,48.82,0,none,normal
2026-03-31,20,2026-03-31 20:00,12.43,10.48,10.0,7.94,0.0,40.85,0,none,normal
2026-03-31,21,2026-03-31 21:00,15.8,10.98,12.19,2.59,0.0,41.56,0,none,normal
2026-03-31,22,2026-03-31 22:00,3.19,2.18,2.67,2.42,0.0,10.46,0,none,normal
2026-03-31,23,2026-03-31 23:00,2.76,1.89,2.68,2.02,0.0,9.35,0,none,normal
